[2026-08-04 01:05:04] local.ERROR: SQLSTATE[HY000] [1045] Access denied for user 'root'@'localhost' (using password: NO) (Connection: mysql, SQL: select * from `addons`) {"view":{"view":"C:\\laragon\\www\\mboabuy\\resources\\views\\errors\\404.blade.php","data":{"errors":"<pre class=sf-dump id=sf-dump-1391648811 data-indent-pad=\"  \"><span class=sf-dump-note>Illuminate\\Support\\ViewErrorBag</span> {<a class=sf-dump-ref>#454</a><samp data-depth=1 class=sf-dump-expanded>
  #<span class=sf-dump-protected title=\"Protected property\">bags</span>: []
</samp>}
</pre><script>Sfdump(\"sf-dump-1391648811\", {\"maxDepth\":3,\"maxStringLength\":160})</script>
","exception":"<pre class=sf-dump id=sf-dump-1157894515 data-indent-pad=\"  \"><span class=sf-dump-note>Symfony\\Component\\HttpKernel\\Exception\\NotFoundHttpException</span> {<a class=sf-dump-ref>#401</a><samp data-depth=1 class=sf-dump-expanded>
  #<span class=sf-dump-protected title=\"Protected property\">message</span>: \"<span class=sf-dump-str title=\"41 characters\">The route favicon.ico could not be found.</span>\"
  #<span class=sf-dump-protected title=\"Protected property\">code</span>: <span class=sf-dump-num>0</span>
  #<span class=sf-dump-protected title=\"Protected property\">file</span>: \"<span class=sf-dump-str title=\"C:\\laragon\\www\\mboabuy\\vendor\\laravel\\framework\\src\\Illuminate\\Routing\\AbstractRouteCollection.php
98 characters\"><span class=\"sf-dump-ellipsis sf-dump-ellipsis-path\">C:\\laragon\\www\\mboabuy\\vendor</span><span class=\"sf-dump-ellipsis sf-dump-ellipsis-path\">\\laravel\\framework\\</span>src\\Illuminate\\Routing\\AbstractRouteCollection.php</span>\"
  #<span class=sf-dump-protected title=\"Protected property\">line</span>: <span class=sf-dump-num>44</span>
  -<span class=sf-dump-private title=\"Private property defined in class:&#10;`Symfony\\Component\\HttpKernel\\Exception\\HttpException`\">statusCode</span>: <span class=sf-dump-num>404</span>
  -<span class=sf-dump-private title=\"Private property defined in class:&#10;`Symfony\\Component\\HttpKernel\\Exception\\HttpException`\">headers</span>: []
  <span class=sf-dump-meta>trace</span>: {<samp data-depth=2 class=sf-dump-compact>
    <span class=sf-dump-meta title=\"C:\\laragon\\www\\mboabuy\\vendor\\laravel\\framework\\src\\Illuminate\\Routing\\AbstractRouteCollection.php:44
Stack level 28.\"><span class=\"sf-dump-ellipsis sf-dump-ellipsis-path\">C:\\laragon\\www\\mboabuy\\vendor</span><span class=\"sf-dump-ellipsis sf-dump-ellipsis-path\">\\laravel\\framework\\</span>src\\Illuminate\\Routing\\AbstractRouteCollection.php:44</span> {<samp data-depth=3 class=sf-dump-compact>
      <span class=sf-dump-note title=\"Illuminate\\Routing\\AbstractRouteCollection-&gt;handleMatchedRoute(Request $request, $route)
\"><span class=\"sf-dump-ellipsis sf-dump-ellipsis-note\">Illuminate\\Routing</span><span class=\"sf-dump-ellipsis sf-dump-ellipsis-note\">\\</span>AbstractRouteCollection-&gt;handleMatchedRoute(Request $request, $route)</span> &#8230;
      &#8250; 
      &#8250; <code class=\"php\"><span class=sf-dump-const title=\"in Illuminate\\Routing\\AbstractRouteCollection-&gt;handleMatchedRoute(Request $request, $route)\">throw new NotFoundHttpException(sprintf(</span></code>
      &#8250; <code class=\"php\"><span class=sf-dump-default>    &#039;The route %s could not be found.&#039;,</span></code>
    </samp>}
    <span class=sf-dump-meta title=\"C:\\laragon\\www\\mboabuy\\vendor\\laravel\\framework\\src\\Illuminate\\Routing\\RouteCollection.php:162
Stack level 27.\"><span class=\"sf-dump-ellipsis sf-dump-ellipsis-path\">C:\\laragon\\www\\mboabuy\\vendor</span><span class=\"sf-dump-ellipsis sf-dump-ellipsis-path\">\\laravel\\framework\\</span>src\\Illuminate\\Routing\\RouteCollection.php:162</span> {<samp data-depth=3 class=sf-dump-compact>
      <span class=sf-dump-note title=\"Illuminate\\Routing\\RouteCollection-&gt;match(Request $request)
\"><span class=\"sf-dump-ellipsis sf-dump-ellipsis-note\">Illuminate\\Routing</span><span class=\"sf-dump-ellipsis sf-dump-ellipsis-note\">\\</span>RouteCollection-&gt;match(Request $request)</span> &#8230;
      &#8250; 
      &#8250; <code class=\"php\"><span class=sf-dump-const title=\"in Illuminate\\Routing\\RouteCollection-&gt;match(Request $request)\">    return $this-&gt;handleMatchedRoute($request, $route);</span></code>
      &#8250; <code class=\"php\"><span class=sf-dump-default>}</span></code>
      <span class=sf-dump-meta>arguments</span>: { &#8230;2}
    </samp>}
    <span class=sf-dump-meta title=\"C:\\laragon\\www\\mboabuy\\vendor\\laravel\\framework\\src\\Illuminate\\Routing\\Router.php:761
Stack level 26.\"><span class=\"sf-dump-ellipsis sf-dump-ellipsis-path\">C:\\laragon\\www\\mboabuy\\vendor</span><span class=\"sf-dump-ellipsis sf-dump-ellipsis-path\">\\laravel\\framework\\</span>src\\Illuminate\\Routing\\Router.php:761</span> {<samp data-depth=3 class=sf-dump-compact>
      <span class=sf-dump-note title=\"Illuminate\\Routing\\Router-&gt;findRoute($request)
\"><span class=\"sf-dump-ellipsis sf-dump-ellipsis-note\">Illuminate\\Routing</span><span class=\"sf-dump-ellipsis sf-dump-ellipsis-note\">\\</span>Router-&gt;findRoute($request)</span> &#8230;
      &#8250; 
      &#8250; <code class=\"php\"><span class=sf-dump-const title=\"in Illuminate\\Routing\\Router-&gt;findRoute($request)\">$this-&gt;current = $route = $this-&gt;routes-&gt;match($request);</span></code>
      &#8250; 
      <span class=sf-dump-meta>arguments</span>: { &#8230;1}
    </samp>}
    <span class=sf-dump-meta title=\"C:\\laragon\\www\\mboabuy\\vendor\\laravel\\framework\\src\\Illuminate\\Routing\\Router.php:748
Stack level 25.\"><span class=\"sf-dump-ellipsis sf-dump-ellipsis-path\">C:\\laragon\\www\\mboabuy\\vendor</span><span class=\"sf-dump-ellipsis sf-dump-ellipsis-path\">\\laravel\\framework\\</span>src\\Illuminate\\Routing\\Router.php:748</span> {<samp data-depth=3 class=sf-dump-compact>
      <span class=sf-dump-note title=\"Illuminate\\Routing\\Router-&gt;dispatchToRoute(Request $request)
\"><span class=\"sf-dump-ellipsis sf-dump-ellipsis-note\">Illuminate\\Routing</span><span class=\"sf-dump-ellipsis sf-dump-ellipsis-note\">\\</span>Router-&gt;dispatchToRoute(Request $request)</span> &#8230;
      &#8250; <code class=\"php\"><span class=sf-dump-default>{</span></code>
      &#8250; <code class=\"php\"><span class=sf-dump-const title=\"in Illuminate\\Routing\\Router-&gt;dispatchToRoute(Request $request)\">    return $this-&gt;runRoute($request, $this-&gt;findRoute($request));</span></code>
      &#8250; <code class=\"php\"><span class=sf-dump-default>}</span></code>
      <span class=sf-dump-meta>arguments</span>: { &#8230;1}
    </samp>}
    <span class=sf-dump-meta title=\"C:\\laragon\\www\\mboabuy\\vendor\\laravel\\framework\\src\\Illuminate\\Routing\\Router.php:737
Stack level 24.\"><span class=\"sf-dump-ellipsis sf-dump-ellipsis-path\">C:\\laragon\\www\\mboabuy\\vendor</span><span class=\"sf-dump-ellipsis sf-dump-ellipsis-path\">\\laravel\\framework\\</span>src\\Illuminate\\Routing\\Router.php:737</span> {<samp data-depth=3 class=sf-dump-compact>
      <span class=sf-dump-note title=\"Illuminate\\Routing\\Router-&gt;dispatch(Request $request)
\"><span class=\"sf-dump-ellipsis sf-dump-ellipsis-note\">Illuminate\\Routing</span><span class=\"sf-dump-ellipsis sf-dump-ellipsis-note\">\\</span>Router-&gt;dispatch(Request $request)</span> &#8230;
      &#8250; 
      &#8250; <code class=\"php\"><span class=sf-dump-const title=\"in Illuminate\\Routing\\Router-&gt;dispatch(Request $request)\">    return $this-&gt;dispatchToRoute($request);</span></code>
      &#8250; <code class=\"php\"><span class=sf-dump-default>}</span></code>
      <span class=sf-dump-meta>arguments</span>: { &#8230;1}
    </samp>}
    <span class=sf-dump-meta title=\"C:\\laragon\\www\\mboabuy\\vendor\\laravel\\framework\\src\\Illuminate\\Foundation\\Http\\Kernel.php:200
Stack level 23.\"><span class=\"sf-dump-ellipsis sf-dump-ellipsis-path\">C:\\laragon\\www\\mboabuy\\vendor</span><span class=\"sf-dump-ellipsis sf-dump-ellipsis-path\">\\laravel\\framework\\</span>src\\Illuminate\\Foundation\\Http\\Kernel.php:200</span> {<samp data-depth=3 class=sf-dump-compact>
      <span class=sf-dump-note title=\"Illuminate\\Foundation\\Http\\Kernel-&gt;{closure:Illuminate\\Foundation\\Http\\Kernel::dispatchToRouter():197}
\"><span class=\"sf-dump-ellipsis sf-dump-ellipsis-note\">Illuminate\\Foundation\\Http\\Kernel-&gt;{closure:Illuminate\\Foundation\\Http</span><span class=\"sf-dump-ellipsis sf-dump-ellipsis-note\">\\</span>Kernel::dispatchToRouter():197}</span> &#8230;
      &#8250; 
      &#8250; <code class=\"php\"><span class=sf-dump-const title=\"in Illuminate\\Foundation\\Http\\Kernel-&gt;{closure:Illuminate\\Foundation\\Http\\Kernel::dispatchToRouter():197}\">    return $this-&gt;router-&gt;dispatch($request);</span></code>
      &#8250; <code class=\"php\"><span class=sf-dump-default>};</span></code>
      <span class=sf-dump-meta>arguments</span>: { &#8230;1}
    </samp>}
    <span class=sf-dump-meta title=\"C:\\laragon\\www\\mboabuy\\vendor\\laravel\\framework\\src\\Illuminate\\Pipeline\\Pipeline.php:144
Stack level 22.\"><span class=\"sf-dump-ellipsis sf-dump-ellipsis-path\">C:\\laragon\\www\\mboabuy\\vendor</span><span class=\"sf-dump-ellipsis sf-dump-ellipsis-path\">\\laravel\\framework\\</span>src\\Illuminate\\Pipeline\\Pipeline.php:144</span> {<samp data-depth=3 class=sf-dump-compact>
      <span class=sf-dump-note title=\"Illuminate\\Pipeline\\Pipeline-&gt;{closure:Illuminate\\Pipeline\\Pipeline::prepareDestination():142}
\"><span class=\"sf-dump-ellipsis sf-dump-ellipsis-note\">Illuminate\\Pipeline\\Pipeline-&gt;{closure:Illuminate\\Pipeline</span><span class=\"sf-dump-ellipsis sf-dump-ellipsis-note\">\\</span>Pipeline::prepareDestination():142}</span> &#8230;
      &#8250; <code class=\"php\"><span class=sf-dump-default>try {</span></code>
      &#8250; <code class=\"php\"><span class=sf-dump-const title=\"in Illuminate\\Pipeline\\Pipeline-&gt;{closure:Illuminate\\Pipeline\\Pipeline::prepareDestination():142}\">    return $destination($passable);</span></code>
      &#8250; <code class=\"php\"><span class=sf-dump-default>} catch (Throwable $e) {</span></code>
      <span class=sf-dump-meta>arguments</span>: { &#8230;1}
    </samp>}
    <span class=sf-dump-meta title=\"C:\\laragon\\www\\mboabuy\\vendor\\barryvdh\\laravel-debugbar\\src\\Middleware\\InjectDebugbar.php:59
Stack level 21.\"><span class=\"sf-dump-ellipsis sf-dump-ellipsis-path\">C:\\laragon\\www\\mboabuy\\vendor</span><span class=\"sf-dump-ellipsis sf-dump-ellipsis-path\">\\barryvdh\\laravel-debugbar\\</span>src\\Middleware\\InjectDebugbar.php:59</span> {<samp data-depth=3 class=sf-dump-compact>
      <span class=sf-dump-note title=\"Barryvdh\\Debugbar\\Middleware\\InjectDebugbar-&gt;handle($request, Closure $next)
\"><span class=\"sf-dump-ellipsis sf-dump-ellipsis-note\">Barryvdh\\Debugbar\\Middleware</span><span class=\"sf-dump-ellipsis sf-dump-ellipsis-note\">\\</span>InjectDebugbar-&gt;handle($request, Closure $next)</span> &#8230;
      &#8250; <code class=\"php\"><span class=sf-dump-default>if (!$this-&gt;debugbar-&gt;isEnabled() || $this-&gt;inExceptArray($request)) {</span></code>
      &#8250; <code class=\"php\"><span class=sf-dump-const title=\"in Barryvdh\\Debugbar\\Middleware\\InjectDebugbar-&gt;handle($request, Closure $next)\">    return $next($request);</span></code>
      &#8250; <code class=\"php\"><span class=sf-dump-default>}</span></code>
      <span class=sf-dump-meta>arguments</span>: { &#8230;1}
    </samp>}
    <span class=sf-dump-meta title=\"C:\\laragon\\www\\mboabuy\\vendor\\laravel\\framework\\src\\Illuminate\\Pipeline\\Pipeline.php:183
Stack level 20.\"><span class=\"sf-dump-ellipsis sf-dump-ellipsis-path\">C:\\laragon\\www\\mboabuy\\vendor</span><span class=\"sf-dump-ellipsis sf-dump-ellipsis-path\">\\laravel\\framework\\</span>src\\Illuminate\\Pipeline\\Pipeline.php:183</span> {<samp data-depth=3 class=sf-dump-compact>
      <span class=sf-dump-note title=\"Illuminate\\Pipeline\\Pipeline-&gt;{closure:{closure:Illuminate\\Pipeline\\Pipeline::carry():158}:159}
\"><span class=\"sf-dump-ellipsis sf-dump-ellipsis-note\">Illuminate\\Pipeline\\Pipeline-&gt;{closure:{closure:Illuminate\\Pipeline</span><span class=\"sf-dump-ellipsis sf-dump-ellipsis-note\">\\</span>Pipeline::carry():158}:159}</span> &#8230;
      &#8250; <code class=\"php\"><span class=sf-dump-default>$carry = method_exists($pipe, $this-&gt;method)</span></code>
      &#8250; <code class=\"php\"><span class=sf-dump-const title=\"in Illuminate\\Pipeline\\Pipeline-&gt;{closure:{closure:Illuminate\\Pipeline\\Pipeline::carry():158}:159}\">                ? $pipe-&gt;{$this-&gt;method}(...$parameters)</span></code>
      &#8250; <code class=\"php\"><span class=sf-dump-default>                : $pipe(...$parameters);</span></code>
      <span class=sf-dump-meta>arguments</span>: { &#8230;2}
    </samp>}
    <span class=sf-dump-meta title=\"C:\\laragon\\www\\mboabuy\\vendor\\laravel\\framework\\src\\Illuminate\\View\\Middleware\\ShareErrorsFromSession.php:49
Stack level 19.\"><span class=\"sf-dump-ellipsis sf-dump-ellipsis-path\">C:\\laragon\\www\\mboabuy\\vendor</span><span class=\"sf-dump-ellipsis sf-dump-ellipsis-path\">\\laravel\\framework\\</span>src\\Illuminate\\View\\Middleware\\ShareErrorsFromSession.php:49</span> {<samp data-depth=3 class=sf-dump-compact>
      <span class=sf-dump-note title=\"Illuminate\\View\\Middleware\\ShareErrorsFromSession-&gt;handle($request, Closure $next)
\"><span class=\"sf-dump-ellipsis sf-dump-ellipsis-note\">Illuminate\\View\\Middleware</span><span class=\"sf-dump-ellipsis sf-dump-ellipsis-note\">\\</span>ShareErrorsFromSession-&gt;handle($request, Closure $next)</span> &#8230;
      &#8250; 
      &#8250; <code class=\"php\"><span class=sf-dump-const title=\"in Illuminate\\View\\Middleware\\ShareErrorsFromSession-&gt;handle($request, Closure $next)\">    return $next($request);</span></code>
      &#8250; <code class=\"php\"><span class=sf-dump-default>}</span></code>
      <span class=sf-dump-meta>arguments</span>: { &#8230;1}
    </samp>}
    <span class=sf-dump-meta title=\"C:\\laragon\\www\\mboabuy\\vendor\\laravel\\framework\\src\\Illuminate\\Pipeline\\Pipeline.php:183
Stack level 18.\"><span class=\"sf-dump-ellipsis sf-dump-ellipsis-path\">C:\\laragon\\www\\mboabuy\\vendor</span><span class=\"sf-dump-ellipsis sf-dump-ellipsis-path\">\\laravel\\framework\\</span>src\\Illuminate\\Pipeline\\Pipeline.php:183</span> {<samp data-depth=3 class=sf-dump-compact>
      <span class=sf-dump-note title=\"Illuminate\\Pipeline\\Pipeline-&gt;{closure:{closure:Illuminate\\Pipeline\\Pipeline::carry():158}:159}
\"><span class=\"sf-dump-ellipsis sf-dump-ellipsis-note\">Illuminate\\Pipeline\\Pipeline-&gt;{closure:{closure:Illuminate\\Pipeline</span><span class=\"sf-dump-ellipsis sf-dump-ellipsis-note\">\\</span>Pipeline::carry():158}:159}</span> &#8230;
      &#8250; <code class=\"php\"><span class=sf-dump-default>$carry = method_exists($pipe, $this-&gt;method)</span></code>
      &#8250; <code class=\"php\"><span class=sf-dump-const title=\"in Illuminate\\Pipeline\\Pipeline-&gt;{closure:{closure:Illuminate\\Pipeline\\Pipeline::carry():158}:159}\">                ? $pipe-&gt;{$this-&gt;method}(...$parameters)</span></code>
      &#8250; <code class=\"php\"><span class=sf-dump-default>                : $pipe(...$parameters);</span></code>
      <span class=sf-dump-meta>arguments</span>: { &#8230;2}
    </samp>}
    <span class=sf-dump-meta title=\"C:\\laragon\\www\\mboabuy\\vendor\\laravel\\framework\\src\\Illuminate\\Session\\Middleware\\StartSession.php:121
Stack level 17.\"><span class=\"sf-dump-ellipsis sf-dump-ellipsis-path\">C:\\laragon\\www\\mboabuy\\vendor</span><span class=\"sf-dump-ellipsis sf-dump-ellipsis-path\">\\laravel\\framework\\</span>src\\Illuminate\\Session\\Middleware\\StartSession.php:121</span> {<samp data-depth=3 class=sf-dump-compact>
      <span class=sf-dump-note title=\"Illuminate\\Session\\Middleware\\StartSession-&gt;handleStatefulRequest(Request $request, $session, Closure $next)
\"><span class=\"sf-dump-ellipsis sf-dump-ellipsis-note\">Illuminate\\Session\\Middleware</span><span class=\"sf-dump-ellipsis sf-dump-ellipsis-note\">\\</span>StartSession-&gt;handleStatefulRequest(Request $request, $session, Closure $next)</span> &#8230;
      &#8250; 
      &#8250; <code class=\"php\"><span class=sf-dump-const title=\"in Illuminate\\Session\\Middleware\\StartSession-&gt;handleStatefulRequest(Request $request, $session, Closure $next)\">$response = $next($request);</span></code>
      &#8250; 
      <span class=sf-dump-meta>arguments</span>: { &#8230;1}
    </samp>}
    <span class=sf-dump-meta title=\"C:\\laragon\\www\\mboabuy\\vendor\\laravel\\framework\\src\\Illuminate\\Session\\Middleware\\StartSession.php:64
Stack level 16.\"><span class=\"sf-dump-ellipsis sf-dump-ellipsis-path\">C:\\laragon\\www\\mboabuy\\vendor</span><span class=\"sf-dump-ellipsis sf-dump-ellipsis-path\">\\laravel\\framework\\</span>src\\Illuminate\\Session\\Middleware\\StartSession.php:64</span> {<samp data-depth=3 class=sf-dump-compact>
      <span class=sf-dump-note title=\"Illuminate\\Session\\Middleware\\StartSession-&gt;handle($request, Closure $next)
\"><span class=\"sf-dump-ellipsis sf-dump-ellipsis-note\">Illuminate\\Session\\Middleware</span><span class=\"sf-dump-ellipsis sf-dump-ellipsis-note\">\\</span>StartSession-&gt;handle($request, Closure $next)</span> &#8230;
      &#8250; 
      &#8250; <code class=\"php\"><span class=sf-dump-const title=\"in Illuminate\\Session\\Middleware\\StartSession-&gt;handle($request, Closure $next)\">    return $this-&gt;handleStatefulRequest($request, $session, $next);</span></code>
      &#8250; <code class=\"php\"><span class=sf-dump-default>}</span></code>
      <span class=sf-dump-meta>arguments</span>: { &#8230;3}
    </samp>}
    <span class=sf-dump-meta title=\"C:\\laragon\\www\\mboabuy\\vendor\\laravel\\framework\\src\\Illuminate\\Pipeline\\Pipeline.php:183
Stack level 15.\"><span class=\"sf-dump-ellipsis sf-dump-ellipsis-path\">C:\\laragon\\www\\mboabuy\\vendor</span><span class=\"sf-dump-ellipsis sf-dump-ellipsis-path\">\\laravel\\framework\\</span>src\\Illuminate\\Pipeline\\Pipeline.php:183</span> {<samp data-depth=3 class=sf-dump-compact>
      <span class=sf-dump-note title=\"Illuminate\\Pipeline\\Pipeline-&gt;{closure:{closure:Illuminate\\Pipeline\\Pipeline::carry():158}:159}
\"><span class=\"sf-dump-ellipsis sf-dump-ellipsis-note\">Illuminate\\Pipeline\\Pipeline-&gt;{closure:{closure:Illuminate\\Pipeline</span><span class=\"sf-dump-ellipsis sf-dump-ellipsis-note\">\\</span>Pipeline::carry():158}:159}</span> &#8230;
      &#8250; <code class=\"php\"><span class=sf-dump-default>$carry = method_exists($pipe, $this-&gt;method)</span></code>
      &#8250; <code class=\"php\"><span class=sf-dump-const title=\"in Illuminate\\Pipeline\\Pipeline-&gt;{closure:{closure:Illuminate\\Pipeline\\Pipeline::carry():158}:159}\">                ? $pipe-&gt;{$this-&gt;method}(...$parameters)</span></code>
      &#8250; <code class=\"php\"><span class=sf-dump-default>                : $pipe(...$parameters);</span></code>
      <span class=sf-dump-meta>arguments</span>: { &#8230;2}
    </samp>}
    <span class=sf-dump-meta title=\"C:\\laragon\\www\\mboabuy\\vendor\\laravel\\framework\\src\\Illuminate\\Http\\Middleware\\TrustProxies.php:39
Stack level 14.\"><span class=\"sf-dump-ellipsis sf-dump-ellipsis-path\">C:\\laragon\\www\\mboabuy\\vendor</span><span class=\"sf-dump-ellipsis sf-dump-ellipsis-path\">\\laravel\\framework\\</span>src\\Illuminate\\Http\\Middleware\\TrustProxies.php:39</span> {<samp data-depth=3 class=sf-dump-compact>
      <span class=sf-dump-note title=\"Illuminate\\Http\\Middleware\\TrustProxies-&gt;handle(Request $request, Closure $next)
\"><span class=\"sf-dump-ellipsis sf-dump-ellipsis-note\">Illuminate\\Http\\Middleware</span><span class=\"sf-dump-ellipsis sf-dump-ellipsis-note\">\\</span>TrustProxies-&gt;handle(Request $request, Closure $next)</span> &#8230;
      &#8250; 
      &#8250; <code class=\"php\"><span class=sf-dump-const title=\"in Illuminate\\Http\\Middleware\\TrustProxies-&gt;handle(Request $request, Closure $next)\">    return $next($request);</span></code>
      &#8250; <code class=\"php\"><span class=sf-dump-default>}</span></code>
      <span class=sf-dump-meta>arguments</span>: { &#8230;1}
    </samp>}
    <span class=sf-dump-meta title=\"C:\\laragon\\www\\mboabuy\\vendor\\laravel\\framework\\src\\Illuminate\\Pipeline\\Pipeline.php:183
Stack level 13.\"><span class=\"sf-dump-ellipsis sf-dump-ellipsis-path\">C:\\laragon\\www\\mboabuy\\vendor</span><span class=\"sf-dump-ellipsis sf-dump-ellipsis-path\">\\laravel\\framework\\</span>src\\Illuminate\\Pipeline\\Pipeline.php:183</span> {<samp data-depth=3 class=sf-dump-compact>
      <span class=sf-dump-note title=\"Illuminate\\Pipeline\\Pipeline-&gt;{closure:{closure:Illuminate\\Pipeline\\Pipeline::carry():158}:159}
\"><span class=\"sf-dump-ellipsis sf-dump-ellipsis-note\">Illuminate\\Pipeline\\Pipeline-&gt;{closure:{closure:Illuminate\\Pipeline</span><span class=\"sf-dump-ellipsis sf-dump-ellipsis-note\">\\</span>Pipeline::carry():158}:159}</span> &#8230;
      &#8250; <code class=\"php\"><span class=sf-dump-default>$carry = method_exists($pipe, $this-&gt;method)</span></code>
      &#8250; <code class=\"php\"><span class=sf-dump-const title=\"in Illuminate\\Pipeline\\Pipeline-&gt;{closure:{closure:Illuminate\\Pipeline\\Pipeline::carry():158}:159}\">                ? $pipe-&gt;{$this-&gt;method}(...$parameters)</span></code>
      &#8250; <code class=\"php\"><span class=sf-dump-default>                : $pipe(...$parameters);</span></code>
      <span class=sf-dump-meta>arguments</span>: { &#8230;2}
    </samp>}
    <span class=sf-dump-meta title=\"C:\\laragon\\www\\mboabuy\\vendor\\laravel\\framework\\src\\Illuminate\\Foundation\\Http\\Middleware\\TransformsRequest.php:21
Stack level 12.\"><span class=\"sf-dump-ellipsis sf-dump-ellipsis-path\">C:\\laragon\\www\\mboabuy\\vendor</span><span class=\"sf-dump-ellipsis sf-dump-ellipsis-path\">\\laravel\\framework\\</span>src\\Illuminate\\Foundation\\Http\\Middleware\\TransformsRequest.php:21</span> {<samp data-depth=3 class=sf-dump-compact>
      <span class=sf-dump-note title=\"Illuminate\\Foundation\\Http\\Middleware\\TransformsRequest-&gt;handle($request, Closure $next)
\"><span class=\"sf-dump-ellipsis sf-dump-ellipsis-note\">Illuminate\\Foundation\\Http\\Middleware</span><span class=\"sf-dump-ellipsis sf-dump-ellipsis-note\">\\</span>TransformsRequest-&gt;handle($request, Closure $next)</span> &#8230;
      &#8250; 
      &#8250; <code class=\"php\"><span class=sf-dump-const title=\"in Illuminate\\Foundation\\Http\\Middleware\\TransformsRequest-&gt;handle($request, Closure $next)\">    return $next($request);</span></code>
      &#8250; <code class=\"php\"><span class=sf-dump-default>}</span></code>
      <span class=sf-dump-meta>arguments</span>: { &#8230;1}
    </samp>}
    <span class=sf-dump-meta title=\"C:\\laragon\\www\\mboabuy\\vendor\\laravel\\framework\\src\\Illuminate\\Foundation\\Http\\Middleware\\ConvertEmptyStringsToNull.php:31
Stack level 11.\"><span class=\"sf-dump-ellipsis sf-dump-ellipsis-path\">C:\\laragon\\www\\mboabuy\\vendor</span><span class=\"sf-dump-ellipsis sf-dump-ellipsis-path\">\\laravel\\framework\\</span>src\\Illuminate\\Foundation\\Http\\Middleware\\ConvertEmptyStringsToNull.php:31</span> {<samp data-depth=3 class=sf-dump-compact>
      <span class=sf-dump-note title=\"Illuminate\\Foundation\\Http\\Middleware\\ConvertEmptyStringsToNull-&gt;handle($request, Closure $next)
\"><span class=\"sf-dump-ellipsis sf-dump-ellipsis-note\">Illuminate\\Foundation\\Http\\Middleware</span><span class=\"sf-dump-ellipsis sf-dump-ellipsis-note\">\\</span>ConvertEmptyStringsToNull-&gt;handle($request, Closure $next)</span> &#8230;
      &#8250; 
      &#8250; <code class=\"php\"><span class=sf-dump-const title=\"in Illuminate\\Foundation\\Http\\Middleware\\ConvertEmptyStringsToNull-&gt;handle($request, Closure $next)\">    return parent::handle($request, $next);</span></code>
      &#8250; <code class=\"php\"><span class=sf-dump-default>}</span></code>
      <span class=sf-dump-meta>arguments</span>: { &#8230;2}
    </samp>}
    <span class=sf-dump-meta title=\"C:\\laragon\\www\\mboabuy\\vendor\\laravel\\framework\\src\\Illuminate\\Pipeline\\Pipeline.php:183
Stack level 10.\"><span class=\"sf-dump-ellipsis sf-dump-ellipsis-path\">C:\\laragon\\www\\mboabuy\\vendor</span><span class=\"sf-dump-ellipsis sf-dump-ellipsis-path\">\\laravel\\framework\\</span>src\\Illuminate\\Pipeline\\Pipeline.php:183</span> {<samp data-depth=3 class=sf-dump-compact>
      <span class=sf-dump-note title=\"Illuminate\\Pipeline\\Pipeline-&gt;{closure:{closure:Illuminate\\Pipeline\\Pipeline::carry():158}:159}
\"><span class=\"sf-dump-ellipsis sf-dump-ellipsis-note\">Illuminate\\Pipeline\\Pipeline-&gt;{closure:{closure:Illuminate\\Pipeline</span><span class=\"sf-dump-ellipsis sf-dump-ellipsis-note\">\\</span>Pipeline::carry():158}:159}</span> &#8230;
      &#8250; <code class=\"php\"><span class=sf-dump-default>$carry = method_exists($pipe, $this-&gt;method)</span></code>
      &#8250; <code class=\"php\"><span class=sf-dump-const title=\"in Illuminate\\Pipeline\\Pipeline-&gt;{closure:{closure:Illuminate\\Pipeline\\Pipeline::carry():158}:159}\">                ? $pipe-&gt;{$this-&gt;method}(...$parameters)</span></code>
      &#8250; <code class=\"php\"><span class=sf-dump-default>                : $pipe(...$parameters);</span></code>
      <span class=sf-dump-meta>arguments</span>: { &#8230;2}
    </samp>}
    <span class=sf-dump-meta title=\"C:\\laragon\\www\\mboabuy\\vendor\\laravel\\framework\\src\\Illuminate\\Foundation\\Http\\Middleware\\TransformsRequest.php:21
Stack level 9.\"><span class=\"sf-dump-ellipsis sf-dump-ellipsis-path\">C:\\laragon\\www\\mboabuy\\vendor</span><span class=\"sf-dump-ellipsis sf-dump-ellipsis-path\">\\laravel\\framework\\</span>src\\Illuminate\\Foundation\\Http\\Middleware\\TransformsRequest.php:21</span> {<samp data-depth=3 class=sf-dump-compact>
      <span class=sf-dump-note title=\"Illuminate\\Foundation\\Http\\Middleware\\TransformsRequest-&gt;handle($request, Closure $next)
\"><span class=\"sf-dump-ellipsis sf-dump-ellipsis-note\">Illuminate\\Foundation\\Http\\Middleware</span><span class=\"sf-dump-ellipsis sf-dump-ellipsis-note\">\\</span>TransformsRequest-&gt;handle($request, Closure $next)</span> &#8230;
      &#8250; 
      &#8250; <code class=\"php\"><span class=sf-dump-const title=\"in Illuminate\\Foundation\\Http\\Middleware\\TransformsRequest-&gt;handle($request, Closure $next)\">    return $next($request);</span></code>
      &#8250; <code class=\"php\"><span class=sf-dump-default>}</span></code>
      <span class=sf-dump-meta>arguments</span>: { &#8230;1}
    </samp>}
    <span class=sf-dump-meta title=\"C:\\laragon\\www\\mboabuy\\vendor\\laravel\\framework\\src\\Illuminate\\Foundation\\Http\\Middleware\\TrimStrings.php:40
Stack level 8.\"><span class=\"sf-dump-ellipsis sf-dump-ellipsis-path\">C:\\laragon\\www\\mboabuy\\vendor</span><span class=\"sf-dump-ellipsis sf-dump-ellipsis-path\">\\laravel\\framework\\</span>src\\Illuminate\\Foundation\\Http\\Middleware\\TrimStrings.php:40</span> {<samp data-depth=3 class=sf-dump-compact>
      <span class=sf-dump-note title=\"Illuminate\\Foundation\\Http\\Middleware\\TrimStrings-&gt;handle($request, Closure $next)
\"><span class=\"sf-dump-ellipsis sf-dump-ellipsis-note\">Illuminate\\Foundation\\Http\\Middleware</span><span class=\"sf-dump-ellipsis sf-dump-ellipsis-note\">\\</span>TrimStrings-&gt;handle($request, Closure $next)</span> &#8230;
      &#8250; 
      &#8250; <code class=\"php\"><span class=sf-dump-const title=\"in Illuminate\\Foundation\\Http\\Middleware\\TrimStrings-&gt;handle($request, Closure $next)\">    return parent::handle($request, $next);</span></code>
      &#8250; <code class=\"php\"><span class=sf-dump-default>}</span></code>
      <span class=sf-dump-meta>arguments</span>: { &#8230;2}
    </samp>}
    <span class=sf-dump-meta title=\"C:\\laragon\\www\\mboabuy\\vendor\\laravel\\framework\\src\\Illuminate\\Pipeline\\Pipeline.php:183
Stack level 7.\"><span class=\"sf-dump-ellipsis sf-dump-ellipsis-path\">C:\\laragon\\www\\mboabuy\\vendor</span><span class=\"sf-dump-ellipsis sf-dump-ellipsis-path\">\\laravel\\framework\\</span>src\\Illuminate\\Pipeline\\Pipeline.php:183</span> {<samp data-depth=3 class=sf-dump-compact>
      <span class=sf-dump-note title=\"Illuminate\\Pipeline\\Pipeline-&gt;{closure:{closure:Illuminate\\Pipeline\\Pipeline::carry():158}:159}
\"><span class=\"sf-dump-ellipsis sf-dump-ellipsis-note\">Illuminate\\Pipeline\\Pipeline-&gt;{closure:{closure:Illuminate\\Pipeline</span><span class=\"sf-dump-ellipsis sf-dump-ellipsis-note\">\\</span>Pipeline::carry():158}:159}</span> &#8230;
      &#8250; <code class=\"php\"><span class=sf-dump-default>$carry = method_exists($pipe, $this-&gt;method)</span></code>
      &#8250; <code class=\"php\"><span class=sf-dump-const title=\"in Illuminate\\Pipeline\\Pipeline-&gt;{closure:{closure:Illuminate\\Pipeline\\Pipeline::carry():158}:159}\">                ? $pipe-&gt;{$this-&gt;method}(...$parameters)</span></code>
      &#8250; <code class=\"php\"><span class=sf-dump-default>                : $pipe(...$parameters);</span></code>
      <span class=sf-dump-meta>arguments</span>: { &#8230;2}
    </samp>}
    <span class=sf-dump-meta title=\"C:\\laragon\\www\\mboabuy\\vendor\\laravel\\framework\\src\\Illuminate\\Foundation\\Http\\Middleware\\ValidatePostSize.php:27
Stack level 6.\"><span class=\"sf-dump-ellipsis sf-dump-ellipsis-path\">C:\\laragon\\www\\mboabuy\\vendor</span><span class=\"sf-dump-ellipsis sf-dump-ellipsis-path\">\\laravel\\framework\\</span>src\\Illuminate\\Foundation\\Http\\Middleware\\ValidatePostSize.php:27</span> {<samp data-depth=3 class=sf-dump-compact>
      <span class=sf-dump-note title=\"Illuminate\\Foundation\\Http\\Middleware\\ValidatePostSize-&gt;handle($request, Closure $next)
\"><span class=\"sf-dump-ellipsis sf-dump-ellipsis-note\">Illuminate\\Foundation\\Http\\Middleware</span><span class=\"sf-dump-ellipsis sf-dump-ellipsis-note\">\\</span>ValidatePostSize-&gt;handle($request, Closure $next)</span> &#8230;
      &#8250; 
      &#8250; <code class=\"php\"><span class=sf-dump-const title=\"in Illuminate\\Foundation\\Http\\Middleware\\ValidatePostSize-&gt;handle($request, Closure $next)\">    return $next($request);</span></code>
      &#8250; <code class=\"php\"><span class=sf-dump-default>}</span></code>
      <span class=sf-dump-meta>arguments</span>: { &#8230;1}
    </samp>}
    <span class=sf-dump-meta title=\"C:\\laragon\\www\\mboabuy\\vendor\\laravel\\framework\\src\\Illuminate\\Pipeline\\Pipeline.php:183
Stack level 5.\"><span class=\"sf-dump-ellipsis sf-dump-ellipsis-path\">C:\\laragon\\www\\mboabuy\\vendor</span><span class=\"sf-dump-ellipsis sf-dump-ellipsis-path\">\\laravel\\framework\\</span>src\\Illuminate\\Pipeline\\Pipeline.php:183</span> {<samp data-depth=3 class=sf-dump-compact>
      <span class=sf-dump-note title=\"Illuminate\\Pipeline\\Pipeline-&gt;{closure:{closure:Illuminate\\Pipeline\\Pipeline::carry():158}:159}
\"><span class=\"sf-dump-ellipsis sf-dump-ellipsis-note\">Illuminate\\Pipeline\\Pipeline-&gt;{closure:{closure:Illuminate\\Pipeline</span><span class=\"sf-dump-ellipsis sf-dump-ellipsis-note\">\\</span>Pipeline::carry():158}:159}</span> &#8230;
      &#8250; <code class=\"php\"><span class=sf-dump-default>$carry = method_exists($pipe, $this-&gt;method)</span></code>
      &#8250; <code class=\"php\"><span class=sf-dump-const title=\"in Illuminate\\Pipeline\\Pipeline-&gt;{closure:{closure:Illuminate\\Pipeline\\Pipeline::carry():158}:159}\">                ? $pipe-&gt;{$this-&gt;method}(...$parameters)</span></code>
      &#8250; <code class=\"php\"><span class=sf-dump-default>                : $pipe(...$parameters);</span></code>
      <span class=sf-dump-meta>arguments</span>: { &#8230;2}
    </samp>}
    <span class=sf-dump-meta title=\"C:\\laragon\\www\\mboabuy\\vendor\\laravel\\framework\\src\\Illuminate\\Pipeline\\Pipeline.php:119
Stack level 4.\"><span class=\"sf-dump-ellipsis sf-dump-ellipsis-path\">C:\\laragon\\www\\mboabuy\\vendor</span><span class=\"sf-dump-ellipsis sf-dump-ellipsis-path\">\\laravel\\framework\\</span>src\\Illuminate\\Pipeline\\Pipeline.php:119</span> {<samp data-depth=3 class=sf-dump-compact>
      <span class=sf-dump-note title=\"Illuminate\\Pipeline\\Pipeline-&gt;then(Closure $destination)
\"><span class=\"sf-dump-ellipsis sf-dump-ellipsis-note\">Illuminate\\Pipeline</span><span class=\"sf-dump-ellipsis sf-dump-ellipsis-note\">\\</span>Pipeline-&gt;then(Closure $destination)</span> &#8230;
      &#8250; 
      &#8250; <code class=\"php\"><span class=sf-dump-const title=\"in Illuminate\\Pipeline\\Pipeline-&gt;then(Closure $destination)\">    return $pipeline($this-&gt;passable);</span></code>
      &#8250; <code class=\"php\"><span class=sf-dump-default>}</span></code>
      <span class=sf-dump-meta>arguments</span>: { &#8230;1}
    </samp>}
    <span class=sf-dump-meta title=\"C:\\laragon\\www\\mboabuy\\vendor\\laravel\\framework\\src\\Illuminate\\Foundation\\Http\\Kernel.php:175
Stack level 3.\"><span class=\"sf-dump-ellipsis sf-dump-ellipsis-path\">C:\\laragon\\www\\mboabuy\\vendor</span><span class=\"sf-dump-ellipsis sf-dump-ellipsis-path\">\\laravel\\framework\\</span>src\\Illuminate\\Foundation\\Http\\Kernel.php:175</span> {<samp data-depth=3 class=sf-dump-compact>
      <span class=sf-dump-note title=\"Illuminate\\Foundation\\Http\\Kernel-&gt;sendRequestThroughRouter($request)
\"><span class=\"sf-dump-ellipsis sf-dump-ellipsis-note\">Illuminate\\Foundation\\Http</span><span class=\"sf-dump-ellipsis sf-dump-ellipsis-note\">\\</span>Kernel-&gt;sendRequestThroughRouter($request)</span> &#8230;
      &#8250; <code class=\"php\"><span class=sf-dump-default>                -&gt;through($this-&gt;app-&gt;shouldSkipMiddleware() ? [] : $this-&gt;middleware)</span></code>
      &#8250; <code class=\"php\"><span class=sf-dump-const title=\"in Illuminate\\Foundation\\Http\\Kernel-&gt;sendRequestThroughRouter($request)\">                -&gt;then($this-&gt;dispatchToRouter());</span></code>
      &#8250; <code class=\"php\"><span class=sf-dump-default>}</span></code>
      <span class=sf-dump-meta>arguments</span>: { &#8230;1}
    </samp>}
    <span class=sf-dump-meta title=\"C:\\laragon\\www\\mboabuy\\vendor\\laravel\\framework\\src\\Illuminate\\Foundation\\Http\\Kernel.php:144
Stack level 2.\"><span class=\"sf-dump-ellipsis sf-dump-ellipsis-path\">C:\\laragon\\www\\mboabuy\\vendor</span><span class=\"sf-dump-ellipsis sf-dump-ellipsis-path\">\\laravel\\framework\\</span>src\\Illuminate\\Foundation\\Http\\Kernel.php:144</span> {<samp data-depth=3 class=sf-dump-compact>
      <span class=sf-dump-note title=\"Illuminate\\Foundation\\Http\\Kernel-&gt;handle($request)
\"><span class=\"sf-dump-ellipsis sf-dump-ellipsis-note\">Illuminate\\Foundation\\Http</span><span class=\"sf-dump-ellipsis sf-dump-ellipsis-note\">\\</span>Kernel-&gt;handle($request)</span> &#8230;
      &#8250; 
      &#8250; <code class=\"php\"><span class=sf-dump-const title=\"in Illuminate\\Foundation\\Http\\Kernel-&gt;handle($request)\">    $response = $this-&gt;sendRequestThroughRouter($request);</span></code>
      &#8250; <code class=\"php\"><span class=sf-dump-default>} catch (Throwable $e) {</span></code>
      <span class=sf-dump-meta>arguments</span>: { &#8230;1}
    </samp>}
    <span class=sf-dump-meta title=\"C:\\laragon\\www\\mboabuy\\index.php:56
Stack level 1.\"><span class=\"sf-dump-ellipsis sf-dump-ellipsis-path\">C:\\laragon\\www\\mboabuy</span><span class=\"sf-dump-ellipsis sf-dump-ellipsis-path\">\\</span>index.php:56</span> {<samp data-depth=3 class=sf-dump-compact>
      &#8250; <code class=\"php\"><span class=sf-dump-default><span class=\"sf-dump-default sf-dump-ns\">\\r</span></span></code>
      &#8250; <code class=\"php\"><span class=sf-dump-const title=\"\">$response = $kernel-&gt;handle(<span class=\"sf-dump-default sf-dump-ns\">\\r</span></span></code>
      &#8250; <code class=\"php\"><span class=sf-dump-default>    $request = Illuminate\\Http\\Request::capture()<span class=\"sf-dump-default sf-dump-ns\">\\r</span></span></code>
      <span class=sf-dump-meta>arguments</span>: { &#8230;1}
    </samp>}
  </samp>}
</samp>}
</pre><script>Sfdump(\"sf-dump-1157894515\", {\"maxDepth\":3,\"maxStringLength\":160})</script>
"}},"exception":"[object] (Spatie\\LaravelIgnition\\Exceptions\\ViewException(code: 0): SQLSTATE[HY000] [1045] Access denied for user 'root'@'localhost' (using password: NO) (Connection: mysql, SQL: select * from `addons`) at C:\\laragon\\www\\mboabuy\\vendor\\laravel\\framework\\src\\Illuminate\\Database\\Connection.php:829)
[stacktrace]
#0 C:\\laragon\\www\\mboabuy\\vendor\\laravel\\framework\\src\\Illuminate\\Database\\Connection.php(783): Illuminate\\Database\\Connection->runQueryCallback('select * from `...', Array, Object(Closure))
#1 C:\\laragon\\www\\mboabuy\\vendor\\laravel\\framework\\src\\Illuminate\\Database\\Connection.php(414): Illuminate\\Database\\Connection->run('select * from `...', Array, Object(Closure))
#2 C:\\laragon\\www\\mboabuy\\vendor\\laravel\\framework\\src\\Illuminate\\Database\\Query\\Builder.php(2913): Illuminate\\Database\\Connection->select('select * from `...', Array, true)
#3 C:\\laragon\\www\\mboabuy\\vendor\\laravel\\framework\\src\\Illuminate\\Database\\Query\\Builder.php(2902): Illuminate\\Database\\Query\\Builder->runSelect()
#4 C:\\laragon\\www\\mboabuy\\vendor\\laravel\\framework\\src\\Illuminate\\Database\\Query\\Builder.php(3456): Illuminate\\Database\\Query\\Builder->{closure:Illuminate\\Database\\Query\\Builder::get():2901}()
#5 C:\\laragon\\www\\mboabuy\\vendor\\laravel\\framework\\src\\Illuminate\\Database\\Query\\Builder.php(2901): Illuminate\\Database\\Query\\Builder->onceWithColumns(Array, Object(Closure))
#6 C:\\laragon\\www\\mboabuy\\vendor\\laravel\\framework\\src\\Illuminate\\Database\\Eloquent\\Builder.php(739): Illuminate\\Database\\Query\\Builder->get(Array)
#7 C:\\laragon\\www\\mboabuy\\vendor\\laravel\\framework\\src\\Illuminate\\Database\\Eloquent\\Builder.php(723): Illuminate\\Database\\Eloquent\\Builder->getModels(Array)
#8 C:\\laragon\\www\\mboabuy\\vendor\\laravel\\framework\\src\\Illuminate\\Database\\Eloquent\\Model.php(675): Illuminate\\Database\\Eloquent\\Builder->get(Array)
#9 C:\\laragon\\www\\mboabuy\\app\\Http\\Helpers.php(1688): Illuminate\\Database\\Eloquent\\Model::all()
#10 C:\\laragon\\www\\mboabuy\\vendor\\laravel\\framework\\src\\Illuminate\\Cache\\Repository.php(396): {closure:addon_is_activated():1687}()
#11 C:\\laragon\\www\\mboabuy\\vendor\\laravel\\framework\\src\\Illuminate\\Cache\\CacheManager.php(429): Illuminate\\Cache\\Repository->remember('addons', 86400, Object(Closure))
#12 C:\\laragon\\www\\mboabuy\\vendor\\laravel\\framework\\src\\Illuminate\\Support\\Facades\\Facade.php(355): Illuminate\\Cache\\CacheManager->__call('remember', Array)
#13 C:\\laragon\\www\\mboabuy\\app\\Http\\Helpers.php(1687): Illuminate\\Support\\Facades\\Facade::__callStatic('remember', Array)
#14 C:\\laragon\\www\\mboabuy\\resources\\views\\errors\\404.blade.php(1): addon_is_activated('portfolio_syste...')
#15 C:\\laragon\\www\\mboabuy\\vendor\\laravel\\framework\\src\\Illuminate\\Filesystem\\Filesystem.php(123): require('C:\\\\laragon\\\\www\\\\...')
#16 C:\\laragon\\www\\mboabuy\\vendor\\laravel\\framework\\src\\Illuminate\\Filesystem\\Filesystem.php(124): Illuminate\\Filesystem\\Filesystem::{closure:Illuminate\\Filesystem\\Filesystem::getRequire():120}()
#17 C:\\laragon\\www\\mboabuy\\vendor\\laravel\\framework\\src\\Illuminate\\View\\Engines\\PhpEngine.php(58): Illuminate\\Filesystem\\Filesystem->getRequire('C:\\\\laragon\\\\www\\\\...', Array)
#18 C:\\laragon\\www\\mboabuy\\vendor\\laravel\\framework\\src\\Illuminate\\View\\Engines\\CompilerEngine.php(72): Illuminate\\View\\Engines\\PhpEngine->evaluatePath('C:\\\\laragon\\\\www\\\\...', Array)
#19 C:\\laragon\\www\\mboabuy\\vendor\\laravel\\framework\\src\\Illuminate\\View\\View.php(207): Illuminate\\View\\Engines\\CompilerEngine->get('C:\\\\laragon\\\\www\\\\...', Array)
#20 C:\\laragon\\www\\mboabuy\\vendor\\laravel\\framework\\src\\Illuminate\\View\\View.php(190): Illuminate\\View\\View->getContents()
#21 C:\\laragon\\www\\mboabuy\\vendor\\laravel\\framework\\src\\Illuminate\\View\\View.php(159): Illuminate\\View\\View->renderContents()
#22 C:\\laragon\\www\\mboabuy\\vendor\\laravel\\framework\\src\\Illuminate\\Http\\Response.php(69): Illuminate\\View\\View->render()
#23 C:\\laragon\\www\\mboabuy\\vendor\\laravel\\framework\\src\\Illuminate\\Http\\Response.php(35): Illuminate\\Http\\Response->setContent(Object(Illuminate\\View\\View))
#24 C:\\laragon\\www\\mboabuy\\vendor\\laravel\\framework\\src\\Illuminate\\Routing\\ResponseFactory.php(58): Illuminate\\Http\\Response->__construct(Object(Illuminate\\View\\View), 404, Array)
#25 C:\\laragon\\www\\mboabuy\\vendor\\laravel\\framework\\src\\Illuminate\\Routing\\ResponseFactory.php(88): Illuminate\\Routing\\ResponseFactory->make(Object(Illuminate\\View\\View), 404, Array)
#26 C:\\laragon\\www\\mboabuy\\vendor\\laravel\\framework\\src\\Illuminate\\Foundation\\Exceptions\\Handler.php(723): Illuminate\\Routing\\ResponseFactory->view('errors::404', Array, 404, Array)
#27 C:\\laragon\\www\\mboabuy\\vendor\\laravel\\framework\\src\\Illuminate\\Foundation\\Exceptions\\Handler.php(650): Illuminate\\Foundation\\Exceptions\\Handler->renderHttpException(Object(Symfony\\Component\\HttpKernel\\Exception\\NotFoundHttpException))
#28 C:\\laragon\\www\\mboabuy\\vendor\\laravel\\framework\\src\\Illuminate\\Foundation\\Exceptions\\Handler.php(556): Illuminate\\Foundation\\Exceptions\\Handler->prepareResponse(Object(Illuminate\\Http\\Request), Object(Symfony\\Component\\HttpKernel\\Exception\\NotFoundHttpException))
#29 C:\\laragon\\www\\mboabuy\\vendor\\laravel\\framework\\src\\Illuminate\\Foundation\\Exceptions\\Handler.php(473): Illuminate\\Foundation\\Exceptions\\Handler->renderExceptionResponse(Object(Illuminate\\Http\\Request), Object(Symfony\\Component\\HttpKernel\\Exception\\NotFoundHttpException))
#30 C:\\laragon\\www\\mboabuy\\app\\Exceptions\\Handler.php(55): Illuminate\\Foundation\\Exceptions\\Handler->render(Object(Illuminate\\Http\\Request), Object(Symfony\\Component\\HttpKernel\\Exception\\NotFoundHttpException))
#31 C:\\laragon\\www\\mboabuy\\vendor\\laravel\\framework\\src\\Illuminate\\Routing\\Pipeline.php(51): App\\Exceptions\\Handler->render(Object(Illuminate\\Http\\Request), Object(Symfony\\Component\\HttpKernel\\Exception\\NotFoundHttpException))
#32 C:\\laragon\\www\\mboabuy\\vendor\\laravel\\framework\\src\\Illuminate\\Pipeline\\Pipeline.php(146): Illuminate\\Routing\\Pipeline->handleException(Object(Illuminate\\Http\\Request), Object(Symfony\\Component\\HttpKernel\\Exception\\NotFoundHttpException))
#33 C:\\laragon\\www\\mboabuy\\vendor\\barryvdh\\laravel-debugbar\\src\\Middleware\\InjectDebugbar.php(59): Illuminate\\Pipeline\\Pipeline->{closure:Illuminate\\Pipeline\\Pipeline::prepareDestination():142}(Object(Illuminate\\Http\\Request))
#34 C:\\laragon\\www\\mboabuy\\vendor\\laravel\\framework\\src\\Illuminate\\Pipeline\\Pipeline.php(183): Barryvdh\\Debugbar\\Middleware\\InjectDebugbar->handle(Object(Illuminate\\Http\\Request), Object(Closure))
#35 C:\\laragon\\www\\mboabuy\\vendor\\laravel\\framework\\src\\Illuminate\\View\\Middleware\\ShareErrorsFromSession.php(49): Illuminate\\Pipeline\\Pipeline->{closure:{closure:Illuminate\\Pipeline\\Pipeline::carry():158}:159}(Object(Illuminate\\Http\\Request))
#36 C:\\laragon\\www\\mboabuy\\vendor\\laravel\\framework\\src\\Illuminate\\Pipeline\\Pipeline.php(183): Illuminate\\View\\Middleware\\ShareErrorsFromSession->handle(Object(Illuminate\\Http\\Request), Object(Closure))
#37 C:\\laragon\\www\\mboabuy\\vendor\\laravel\\framework\\src\\Illuminate\\Session\\Middleware\\StartSession.php(121): Illuminate\\Pipeline\\Pipeline->{closure:{closure:Illuminate\\Pipeline\\Pipeline::carry():158}:159}(Object(Illuminate\\Http\\Request))
#38 C:\\laragon\\www\\mboabuy\\vendor\\laravel\\framework\\src\\Illuminate\\Session\\Middleware\\StartSession.php(64): Illuminate\\Session\\Middleware\\StartSession->handleStatefulRequest(Object(Illuminate\\Http\\Request), Object(Illuminate\\Session\\Store), Object(Closure))
#39 C:\\laragon\\www\\mboabuy\\vendor\\laravel\\framework\\src\\Illuminate\\Pipeline\\Pipeline.php(183): Illuminate\\Session\\Middleware\\StartSession->handle(Object(Illuminate\\Http\\Request), Object(Closure))
#40 C:\\laragon\\www\\mboabuy\\vendor\\laravel\\framework\\src\\Illuminate\\Http\\Middleware\\TrustProxies.php(39): Illuminate\\Pipeline\\Pipeline->{closure:{closure:Illuminate\\Pipeline\\Pipeline::carry():158}:159}(Object(Illuminate\\Http\\Request))
#41 C:\\laragon\\www\\mboabuy\\vendor\\laravel\\framework\\src\\Illuminate\\Pipeline\\Pipeline.php(183): Illuminate\\Http\\Middleware\\TrustProxies->handle(Object(Illuminate\\Http\\Request), Object(Closure))
#42 C:\\laragon\\www\\mboabuy\\vendor\\laravel\\framework\\src\\Illuminate\\Foundation\\Http\\Middleware\\TransformsRequest.php(21): Illuminate\\Pipeline\\Pipeline->{closure:{closure:Illuminate\\Pipeline\\Pipeline::carry():158}:159}(Object(Illuminate\\Http\\Request))
#43 C:\\laragon\\www\\mboabuy\\vendor\\laravel\\framework\\src\\Illuminate\\Foundation\\Http\\Middleware\\ConvertEmptyStringsToNull.php(31): Illuminate\\Foundation\\Http\\Middleware\\TransformsRequest->handle(Object(Illuminate\\Http\\Request), Object(Closure))
#44 C:\\laragon\\www\\mboabuy\\vendor\\laravel\\framework\\src\\Illuminate\\Pipeline\\Pipeline.php(183): Illuminate\\Foundation\\Http\\Middleware\\ConvertEmptyStringsToNull->handle(Object(Illuminate\\Http\\Request), Object(Closure))
#45 C:\\laragon\\www\\mboabuy\\vendor\\laravel\\framework\\src\\Illuminate\\Foundation\\Http\\Middleware\\TransformsRequest.php(21): Illuminate\\Pipeline\\Pipeline->{closure:{closure:Illuminate\\Pipeline\\Pipeline::carry():158}:159}(Object(Illuminate\\Http\\Request))
#46 C:\\laragon\\www\\mboabuy\\vendor\\laravel\\framework\\src\\Illuminate\\Foundation\\Http\\Middleware\\TrimStrings.php(40): Illuminate\\Foundation\\Http\\Middleware\\TransformsRequest->handle(Object(Illuminate\\Http\\Request), Object(Closure))
#47 C:\\laragon\\www\\mboabuy\\vendor\\laravel\\framework\\src\\Illuminate\\Pipeline\\Pipeline.php(183): Illuminate\\Foundation\\Http\\Middleware\\TrimStrings->handle(Object(Illuminate\\Http\\Request), Object(Closure))
#48 C:\\laragon\\www\\mboabuy\\vendor\\laravel\\framework\\src\\Illuminate\\Foundation\\Http\\Middleware\\ValidatePostSize.php(27): Illuminate\\Pipeline\\Pipeline->{closure:{closure:Illuminate\\Pipeline\\Pipeline::carry():158}:159}(Object(Illuminate\\Http\\Request))
#49 C:\\laragon\\www\\mboabuy\\vendor\\laravel\\framework\\src\\Illuminate\\Pipeline\\Pipeline.php(183): Illuminate\\Foundation\\Http\\Middleware\\ValidatePostSize->handle(Object(Illuminate\\Http\\Request), Object(Closure))
#50 C:\\laragon\\www\\mboabuy\\vendor\\laravel\\framework\\src\\Illuminate\\Pipeline\\Pipeline.php(119): Illuminate\\Pipeline\\Pipeline->{closure:{closure:Illuminate\\Pipeline\\Pipeline::carry():158}:159}(Object(Illuminate\\Http\\Request))
#51 C:\\laragon\\www\\mboabuy\\vendor\\laravel\\framework\\src\\Illuminate\\Foundation\\Http\\Kernel.php(175): Illuminate\\Pipeline\\Pipeline->then(Object(Closure))
#52 C:\\laragon\\www\\mboabuy\\vendor\\laravel\\framework\\src\\Illuminate\\Foundation\\Http\\Kernel.php(144): Illuminate\\Foundation\\Http\\Kernel->sendRequestThroughRouter(Object(Illuminate\\Http\\Request))
#53 C:\\laragon\\www\\mboabuy\\index.php(56): Illuminate\\Foundation\\Http\\Kernel->handle(Object(Illuminate\\Http\\Request))
#54 {main}

[previous exception] [object] (Illuminate\\Database\\QueryException(code: 1045): SQLSTATE[HY000] [1045] Access denied for user 'root'@'localhost' (using password: NO) (Connection: mysql, SQL: select * from `addons`) at C:\\laragon\\www\\mboabuy\\vendor\\laravel\\framework\\src\\Illuminate\\Database\\Connection.php:829)
[stacktrace]
#0 C:\\laragon\\www\\mboabuy\\vendor\\laravel\\framework\\src\\Illuminate\\Database\\Connection.php(783): Illuminate\\Database\\Connection->runQueryCallback('select * from `...', Array, Object(Closure))
#1 C:\\laragon\\www\\mboabuy\\vendor\\laravel\\framework\\src\\Illuminate\\Database\\Connection.php(414): Illuminate\\Database\\Connection->run('select * from `...', Array, Object(Closure))
#2 C:\\laragon\\www\\mboabuy\\vendor\\laravel\\framework\\src\\Illuminate\\Database\\Query\\Builder.php(2913): Illuminate\\Database\\Connection->select('select * from `...', Array, true)
#3 C:\\laragon\\www\\mboabuy\\vendor\\laravel\\framework\\src\\Illuminate\\Database\\Query\\Builder.php(2902): Illuminate\\Database\\Query\\Builder->runSelect()
#4 C:\\laragon\\www\\mboabuy\\vendor\\laravel\\framework\\src\\Illuminate\\Database\\Query\\Builder.php(3456): Illuminate\\Database\\Query\\Builder->{closure:Illuminate\\Database\\Query\\Builder::get():2901}()
#5 C:\\laragon\\www\\mboabuy\\vendor\\laravel\\framework\\src\\Illuminate\\Database\\Query\\Builder.php(2901): Illuminate\\Database\\Query\\Builder->onceWithColumns(Array, Object(Closure))
#6 C:\\laragon\\www\\mboabuy\\vendor\\laravel\\framework\\src\\Illuminate\\Database\\Eloquent\\Builder.php(739): Illuminate\\Database\\Query\\Builder->get(Array)
#7 C:\\laragon\\www\\mboabuy\\vendor\\laravel\\framework\\src\\Illuminate\\Database\\Eloquent\\Builder.php(723): Illuminate\\Database\\Eloquent\\Builder->getModels(Array)
#8 C:\\laragon\\www\\mboabuy\\vendor\\laravel\\framework\\src\\Illuminate\\Database\\Eloquent\\Model.php(675): Illuminate\\Database\\Eloquent\\Builder->get(Array)
#9 C:\\laragon\\www\\mboabuy\\app\\Http\\Helpers.php(1688): Illuminate\\Database\\Eloquent\\Model::all()
#10 C:\\laragon\\www\\mboabuy\\vendor\\laravel\\framework\\src\\Illuminate\\Cache\\Repository.php(396): {closure:addon_is_activated():1687}()
#11 C:\\laragon\\www\\mboabuy\\vendor\\laravel\\framework\\src\\Illuminate\\Cache\\CacheManager.php(429): Illuminate\\Cache\\Repository->remember('addons', 86400, Object(Closure))
#12 C:\\laragon\\www\\mboabuy\\vendor\\laravel\\framework\\src\\Illuminate\\Support\\Facades\\Facade.php(355): Illuminate\\Cache\\CacheManager->__call('remember', Array)
#13 C:\\laragon\\www\\mboabuy\\app\\Http\\Helpers.php(1687): Illuminate\\Support\\Facades\\Facade::__callStatic('remember', Array)
#14 C:\\laragon\\www\\mboabuy\\storage\\framework\\views\\02b4636940dabb07f92fef02f517d947.php(4): addon_is_activated('portfolio_syste...')
#15 C:\\laragon\\www\\mboabuy\\vendor\\laravel\\framework\\src\\Illuminate\\Filesystem\\Filesystem.php(123): require('C:\\\\laragon\\\\www\\\\...')
#16 C:\\laragon\\www\\mboabuy\\vendor\\laravel\\framework\\src\\Illuminate\\Filesystem\\Filesystem.php(124): Illuminate\\Filesystem\\Filesystem::{closure:Illuminate\\Filesystem\\Filesystem::getRequire():120}()
#17 C:\\laragon\\www\\mboabuy\\vendor\\laravel\\framework\\src\\Illuminate\\View\\Engines\\PhpEngine.php(58): Illuminate\\Filesystem\\Filesystem->getRequire('C:\\\\laragon\\\\www\\\\...', Array)
#18 C:\\laragon\\www\\mboabuy\\vendor\\laravel\\framework\\src\\Illuminate\\View\\Engines\\CompilerEngine.php(72): Illuminate\\View\\Engines\\PhpEngine->evaluatePath('C:\\\\laragon\\\\www\\\\...', Array)
#19 C:\\laragon\\www\\mboabuy\\vendor\\laravel\\framework\\src\\Illuminate\\View\\View.php(207): Illuminate\\View\\Engines\\CompilerEngine->get('C:\\\\laragon\\\\www\\\\...', Array)
#20 C:\\laragon\\www\\mboabuy\\vendor\\laravel\\framework\\src\\Illuminate\\View\\View.php(190): Illuminate\\View\\View->getContents()
#21 C:\\laragon\\www\\mboabuy\\vendor\\laravel\\framework\\src\\Illuminate\\View\\View.php(159): Illuminate\\View\\View->renderContents()
#22 C:\\laragon\\www\\mboabuy\\vendor\\laravel\\framework\\src\\Illuminate\\Http\\Response.php(69): Illuminate\\View\\View->render()
#23 C:\\laragon\\www\\mboabuy\\vendor\\laravel\\framework\\src\\Illuminate\\Http\\Response.php(35): Illuminate\\Http\\Response->setContent(Object(Illuminate\\View\\View))
#24 C:\\laragon\\www\\mboabuy\\vendor\\laravel\\framework\\src\\Illuminate\\Routing\\ResponseFactory.php(58): Illuminate\\Http\\Response->__construct(Object(Illuminate\\View\\View), 404, Array)
#25 C:\\laragon\\www\\mboabuy\\vendor\\laravel\\framework\\src\\Illuminate\\Routing\\ResponseFactory.php(88): Illuminate\\Routing\\ResponseFactory->make(Object(Illuminate\\View\\View), 404, Array)
#26 C:\\laragon\\www\\mboabuy\\vendor\\laravel\\framework\\src\\Illuminate\\Foundation\\Exceptions\\Handler.php(723): Illuminate\\Routing\\ResponseFactory->view('errors::404', Array, 404, Array)
#27 C:\\laragon\\www\\mboabuy\\vendor\\laravel\\framework\\src\\Illuminate\\Foundation\\Exceptions\\Handler.php(650): Illuminate\\Foundation\\Exceptions\\Handler->renderHttpException(Object(Symfony\\Component\\HttpKernel\\Exception\\NotFoundHttpException))
#28 C:\\laragon\\www\\mboabuy\\vendor\\laravel\\framework\\src\\Illuminate\\Foundation\\Exceptions\\Handler.php(556): Illuminate\\Foundation\\Exceptions\\Handler->prepareResponse(Object(Illuminate\\Http\\Request), Object(Symfony\\Component\\HttpKernel\\Exception\\NotFoundHttpException))
#29 C:\\laragon\\www\\mboabuy\\vendor\\laravel\\framework\\src\\Illuminate\\Foundation\\Exceptions\\Handler.php(473): Illuminate\\Foundation\\Exceptions\\Handler->renderExceptionResponse(Object(Illuminate\\Http\\Request), Object(Symfony\\Component\\HttpKernel\\Exception\\NotFoundHttpException))
#30 C:\\laragon\\www\\mboabuy\\app\\Exceptions\\Handler.php(55): Illuminate\\Foundation\\Exceptions\\Handler->render(Object(Illuminate\\Http\\Request), Object(Symfony\\Component\\HttpKernel\\Exception\\NotFoundHttpException))
#31 C:\\laragon\\www\\mboabuy\\vendor\\laravel\\framework\\src\\Illuminate\\Routing\\Pipeline.php(51): App\\Exceptions\\Handler->render(Object(Illuminate\\Http\\Request), Object(Symfony\\Component\\HttpKernel\\Exception\\NotFoundHttpException))
#32 C:\\laragon\\www\\mboabuy\\vendor\\laravel\\framework\\src\\Illuminate\\Pipeline\\Pipeline.php(146): Illuminate\\Routing\\Pipeline->handleException(Object(Illuminate\\Http\\Request), Object(Symfony\\Component\\HttpKernel\\Exception\\NotFoundHttpException))
#33 C:\\laragon\\www\\mboabuy\\vendor\\barryvdh\\laravel-debugbar\\src\\Middleware\\InjectDebugbar.php(59): Illuminate\\Pipeline\\Pipeline->{closure:Illuminate\\Pipeline\\Pipeline::prepareDestination():142}(Object(Illuminate\\Http\\Request))
#34 C:\\laragon\\www\\mboabuy\\vendor\\laravel\\framework\\src\\Illuminate\\Pipeline\\Pipeline.php(183): Barryvdh\\Debugbar\\Middleware\\InjectDebugbar->handle(Object(Illuminate\\Http\\Request), Object(Closure))
#35 C:\\laragon\\www\\mboabuy\\vendor\\laravel\\framework\\src\\Illuminate\\View\\Middleware\\ShareErrorsFromSession.php(49): Illuminate\\Pipeline\\Pipeline->{closure:{closure:Illuminate\\Pipeline\\Pipeline::carry():158}:159}(Object(Illuminate\\Http\\Request))
#36 C:\\laragon\\www\\mboabuy\\vendor\\laravel\\framework\\src\\Illuminate\\Pipeline\\Pipeline.php(183): Illuminate\\View\\Middleware\\ShareErrorsFromSession->handle(Object(Illuminate\\Http\\Request), Object(Closure))
#37 C:\\laragon\\www\\mboabuy\\vendor\\laravel\\framework\\src\\Illuminate\\Session\\Middleware\\StartSession.php(121): Illuminate\\Pipeline\\Pipeline->{closure:{closure:Illuminate\\Pipeline\\Pipeline::carry():158}:159}(Object(Illuminate\\Http\\Request))
#38 C:\\laragon\\www\\mboabuy\\vendor\\laravel\\framework\\src\\Illuminate\\Session\\Middleware\\StartSession.php(64): Illuminate\\Session\\Middleware\\StartSession->handleStatefulRequest(Object(Illuminate\\Http\\Request), Object(Illuminate\\Session\\Store), Object(Closure))
#39 C:\\laragon\\www\\mboabuy\\vendor\\laravel\\framework\\src\\Illuminate\\Pipeline\\Pipeline.php(183): Illuminate\\Session\\Middleware\\StartSession->handle(Object(Illuminate\\Http\\Request), Object(Closure))
#40 C:\\laragon\\www\\mboabuy\\vendor\\laravel\\framework\\src\\Illuminate\\Http\\Middleware\\TrustProxies.php(39): Illuminate\\Pipeline\\Pipeline->{closure:{closure:Illuminate\\Pipeline\\Pipeline::carry():158}:159}(Object(Illuminate\\Http\\Request))
#41 C:\\laragon\\www\\mboabuy\\vendor\\laravel\\framework\\src\\Illuminate\\Pipeline\\Pipeline.php(183): Illuminate\\Http\\Middleware\\TrustProxies->handle(Object(Illuminate\\Http\\Request), Object(Closure))
#42 C:\\laragon\\www\\mboabuy\\vendor\\laravel\\framework\\src\\Illuminate\\Foundation\\Http\\Middleware\\TransformsRequest.php(21): Illuminate\\Pipeline\\Pipeline->{closure:{closure:Illuminate\\Pipeline\\Pipeline::carry():158}:159}(Object(Illuminate\\Http\\Request))
#43 C:\\laragon\\www\\mboabuy\\vendor\\laravel\\framework\\src\\Illuminate\\Foundation\\Http\\Middleware\\ConvertEmptyStringsToNull.php(31): Illuminate\\Foundation\\Http\\Middleware\\TransformsRequest->handle(Object(Illuminate\\Http\\Request), Object(Closure))
#44 C:\\laragon\\www\\mboabuy\\vendor\\laravel\\framework\\src\\Illuminate\\Pipeline\\Pipeline.php(183): Illuminate\\Foundation\\Http\\Middleware\\ConvertEmptyStringsToNull->handle(Object(Illuminate\\Http\\Request), Object(Closure))
#45 C:\\laragon\\www\\mboabuy\\vendor\\laravel\\framework\\src\\Illuminate\\Foundation\\Http\\Middleware\\TransformsRequest.php(21): Illuminate\\Pipeline\\Pipeline->{closure:{closure:Illuminate\\Pipeline\\Pipeline::carry():158}:159}(Object(Illuminate\\Http\\Request))
#46 C:\\laragon\\www\\mboabuy\\vendor\\laravel\\framework\\src\\Illuminate\\Foundation\\Http\\Middleware\\TrimStrings.php(40): Illuminate\\Foundation\\Http\\Middleware\\TransformsRequest->handle(Object(Illuminate\\Http\\Request), Object(Closure))
#47 C:\\laragon\\www\\mboabuy\\vendor\\laravel\\framework\\src\\Illuminate\\Pipeline\\Pipeline.php(183): Illuminate\\Foundation\\Http\\Middleware\\TrimStrings->handle(Object(Illuminate\\Http\\Request), Object(Closure))
#48 C:\\laragon\\www\\mboabuy\\vendor\\laravel\\framework\\src\\Illuminate\\Foundation\\Http\\Middleware\\ValidatePostSize.php(27): Illuminate\\Pipeline\\Pipeline->{closure:{closure:Illuminate\\Pipeline\\Pipeline::carry():158}:159}(Object(Illuminate\\Http\\Request))
#49 C:\\laragon\\www\\mboabuy\\vendor\\laravel\\framework\\src\\Illuminate\\Pipeline\\Pipeline.php(183): Illuminate\\Foundation\\Http\\Middleware\\ValidatePostSize->handle(Object(Illuminate\\Http\\Request), Object(Closure))
#50 C:\\laragon\\www\\mboabuy\\vendor\\laravel\\framework\\src\\Illuminate\\Pipeline\\Pipeline.php(119): Illuminate\\Pipeline\\Pipeline->{closure:{closure:Illuminate\\Pipeline\\Pipeline::carry():158}:159}(Object(Illuminate\\Http\\Request))
#51 C:\\laragon\\www\\mboabuy\\vendor\\laravel\\framework\\src\\Illuminate\\Foundation\\Http\\Kernel.php(175): Illuminate\\Pipeline\\Pipeline->then(Object(Closure))
#52 C:\\laragon\\www\\mboabuy\\vendor\\laravel\\framework\\src\\Illuminate\\Foundation\\Http\\Kernel.php(144): Illuminate\\Foundation\\Http\\Kernel->sendRequestThroughRouter(Object(Illuminate\\Http\\Request))
#53 C:\\laragon\\www\\mboabuy\\index.php(56): Illuminate\\Foundation\\Http\\Kernel->handle(Object(Illuminate\\Http\\Request))
#54 {main}

[previous exception] [object] (PDOException(code: 1045): SQLSTATE[HY000] [1045] Access denied for user 'root'@'localhost' (using password: NO) at C:\\laragon\\www\\mboabuy\\vendor\\laravel\\framework\\src\\Illuminate\\Database\\Connectors\\Connector.php:65)
[stacktrace]
#0 C:\\laragon\\www\\mboabuy\\vendor\\laravel\\framework\\src\\Illuminate\\Database\\Connectors\\Connector.php(65): PDO->__construct('mysql:host=loca...', 'root', Object(SensitiveParameterValue), Array)
#1 C:\\laragon\\www\\mboabuy\\vendor\\laravel\\framework\\src\\Illuminate\\Database\\Connectors\\Connector.php(44): Illuminate\\Database\\Connectors\\Connector->createPdoConnection('mysql:host=loca...', 'root', '', Array)
#2 C:\\laragon\\www\\mboabuy\\vendor\\laravel\\framework\\src\\Illuminate\\Database\\Connectors\\MySqlConnector.php(24): Illuminate\\Database\\Connectors\\Connector->createConnection('mysql:host=loca...', Array, Array)
#3 C:\\laragon\\www\\mboabuy\\vendor\\laravel\\framework\\src\\Illuminate\\Database\\Connectors\\ConnectionFactory.php(184): Illuminate\\Database\\Connectors\\MySqlConnector->connect(Array)
#4 [internal function]: Illuminate\\Database\\Connectors\\ConnectionFactory->{closure:Illuminate\\Database\\Connectors\\ConnectionFactory::createPdoResolverWithHosts():179}()
#5 C:\\laragon\\www\\mboabuy\\vendor\\laravel\\framework\\src\\Illuminate\\Database\\Connection.php(1339): call_user_func(Object(Closure))
#6 C:\\laragon\\www\\mboabuy\\vendor\\laravel\\framework\\src\\Illuminate\\Database\\Connection.php(1375): Illuminate\\Database\\Connection->getPdo()
#7 C:\\laragon\\www\\mboabuy\\vendor\\laravel\\framework\\src\\Illuminate\\Database\\Connection.php(528): Illuminate\\Database\\Connection->getReadPdo()
#8 C:\\laragon\\www\\mboabuy\\vendor\\laravel\\framework\\src\\Illuminate\\Database\\Connection.php(423): Illuminate\\Database\\Connection->getPdoForSelect(true)
#9 C:\\laragon\\www\\mboabuy\\vendor\\laravel\\framework\\src\\Illuminate\\Database\\Connection.php(816): Illuminate\\Database\\Connection->{closure:Illuminate\\Database\\Connection::select():414}('select * from `...', Array)
#10 C:\\laragon\\www\\mboabuy\\vendor\\laravel\\framework\\src\\Illuminate\\Database\\Connection.php(783): Illuminate\\Database\\Connection->runQueryCallback('select * from `...', Array, Object(Closure))
#11 C:\\laragon\\www\\mboabuy\\vendor\\laravel\\framework\\src\\Illuminate\\Database\\Connection.php(414): Illuminate\\Database\\Connection->run('select * from `...', Array, Object(Closure))
#12 C:\\laragon\\www\\mboabuy\\vendor\\laravel\\framework\\src\\Illuminate\\Database\\Query\\Builder.php(2913): Illuminate\\Database\\Connection->select('select * from `...', Array, true)
#13 C:\\laragon\\www\\mboabuy\\vendor\\laravel\\framework\\src\\Illuminate\\Database\\Query\\Builder.php(2902): Illuminate\\Database\\Query\\Builder->runSelect()
#14 C:\\laragon\\www\\mboabuy\\vendor\\laravel\\framework\\src\\Illuminate\\Database\\Query\\Builder.php(3456): Illuminate\\Database\\Query\\Builder->{closure:Illuminate\\Database\\Query\\Builder::get():2901}()
#15 C:\\laragon\\www\\mboabuy\\vendor\\laravel\\framework\\src\\Illuminate\\Database\\Query\\Builder.php(2901): Illuminate\\Database\\Query\\Builder->onceWithColumns(Array, Object(Closure))
#16 C:\\laragon\\www\\mboabuy\\vendor\\laravel\\framework\\src\\Illuminate\\Database\\Eloquent\\Builder.php(739): Illuminate\\Database\\Query\\Builder->get(Array)
#17 C:\\laragon\\www\\mboabuy\\vendor\\laravel\\framework\\src\\Illuminate\\Database\\Eloquent\\Builder.php(723): Illuminate\\Database\\Eloquent\\Builder->getModels(Array)
#18 C:\\laragon\\www\\mboabuy\\vendor\\laravel\\framework\\src\\Illuminate\\Database\\Eloquent\\Model.php(675): Illuminate\\Database\\Eloquent\\Builder->get(Array)
#19 C:\\laragon\\www\\mboabuy\\app\\Http\\Helpers.php(1688): Illuminate\\Database\\Eloquent\\Model::all()
#20 C:\\laragon\\www\\mboabuy\\vendor\\laravel\\framework\\src\\Illuminate\\Cache\\Repository.php(396): {closure:addon_is_activated():1687}()
#21 C:\\laragon\\www\\mboabuy\\vendor\\laravel\\framework\\src\\Illuminate\\Cache\\CacheManager.php(429): Illuminate\\Cache\\Repository->remember('addons', 86400, Object(Closure))
#22 C:\\laragon\\www\\mboabuy\\vendor\\laravel\\framework\\src\\Illuminate\\Support\\Facades\\Facade.php(355): Illuminate\\Cache\\CacheManager->__call('remember', Array)
#23 C:\\laragon\\www\\mboabuy\\app\\Http\\Helpers.php(1687): Illuminate\\Support\\Facades\\Facade::__callStatic('remember', Array)
#24 C:\\laragon\\www\\mboabuy\\storage\\framework\\views\\02b4636940dabb07f92fef02f517d947.php(4): addon_is_activated('portfolio_syste...')
#25 C:\\laragon\\www\\mboabuy\\vendor\\laravel\\framework\\src\\Illuminate\\Filesystem\\Filesystem.php(123): require('C:\\\\laragon\\\\www\\\\...')
#26 C:\\laragon\\www\\mboabuy\\vendor\\laravel\\framework\\src\\Illuminate\\Filesystem\\Filesystem.php(124): Illuminate\\Filesystem\\Filesystem::{closure:Illuminate\\Filesystem\\Filesystem::getRequire():120}()
#27 C:\\laragon\\www\\mboabuy\\vendor\\laravel\\framework\\src\\Illuminate\\View\\Engines\\PhpEngine.php(58): Illuminate\\Filesystem\\Filesystem->getRequire('C:\\\\laragon\\\\www\\\\...', Array)
#28 C:\\laragon\\www\\mboabuy\\vendor\\laravel\\framework\\src\\Illuminate\\View\\Engines\\CompilerEngine.php(72): Illuminate\\View\\Engines\\PhpEngine->evaluatePath('C:\\\\laragon\\\\www\\\\...', Array)
#29 C:\\laragon\\www\\mboabuy\\vendor\\laravel\\framework\\src\\Illuminate\\View\\View.php(207): Illuminate\\View\\Engines\\CompilerEngine->get('C:\\\\laragon\\\\www\\\\...', Array)
#30 C:\\laragon\\www\\mboabuy\\vendor\\laravel\\framework\\src\\Illuminate\\View\\View.php(190): Illuminate\\View\\View->getContents()
#31 C:\\laragon\\www\\mboabuy\\vendor\\laravel\\framework\\src\\Illuminate\\View\\View.php(159): Illuminate\\View\\View->renderContents()
#32 C:\\laragon\\www\\mboabuy\\vendor\\laravel\\framework\\src\\Illuminate\\Http\\Response.php(69): Illuminate\\View\\View->render()
#33 C:\\laragon\\www\\mboabuy\\vendor\\laravel\\framework\\src\\Illuminate\\Http\\Response.php(35): Illuminate\\Http\\Response->setContent(Object(Illuminate\\View\\View))
#34 C:\\laragon\\www\\mboabuy\\vendor\\laravel\\framework\\src\\Illuminate\\Routing\\ResponseFactory.php(58): Illuminate\\Http\\Response->__construct(Object(Illuminate\\View\\View), 404, Array)
#35 C:\\laragon\\www\\mboabuy\\vendor\\laravel\\framework\\src\\Illuminate\\Routing\\ResponseFactory.php(88): Illuminate\\Routing\\ResponseFactory->make(Object(Illuminate\\View\\View), 404, Array)
#36 C:\\laragon\\www\\mboabuy\\vendor\\laravel\\framework\\src\\Illuminate\\Foundation\\Exceptions\\Handler.php(723): Illuminate\\Routing\\ResponseFactory->view('errors::404', Array, 404, Array)
#37 C:\\laragon\\www\\mboabuy\\vendor\\laravel\\framework\\src\\Illuminate\\Foundation\\Exceptions\\Handler.php(650): Illuminate\\Foundation\\Exceptions\\Handler->renderHttpException(Object(Symfony\\Component\\HttpKernel\\Exception\\NotFoundHttpException))
#38 C:\\laragon\\www\\mboabuy\\vendor\\laravel\\framework\\src\\Illuminate\\Foundation\\Exceptions\\Handler.php(556): Illuminate\\Foundation\\Exceptions\\Handler->prepareResponse(Object(Illuminate\\Http\\Request), Object(Symfony\\Component\\HttpKernel\\Exception\\NotFoundHttpException))
#39 C:\\laragon\\www\\mboabuy\\vendor\\laravel\\framework\\src\\Illuminate\\Foundation\\Exceptions\\Handler.php(473): Illuminate\\Foundation\\Exceptions\\Handler->renderExceptionResponse(Object(Illuminate\\Http\\Request), Object(Symfony\\Component\\HttpKernel\\Exception\\NotFoundHttpException))
#40 C:\\laragon\\www\\mboabuy\\app\\Exceptions\\Handler.php(55): Illuminate\\Foundation\\Exceptions\\Handler->render(Object(Illuminate\\Http\\Request), Object(Symfony\\Component\\HttpKernel\\Exception\\NotFoundHttpException))
#41 C:\\laragon\\www\\mboabuy\\vendor\\laravel\\framework\\src\\Illuminate\\Routing\\Pipeline.php(51): App\\Exceptions\\Handler->render(Object(Illuminate\\Http\\Request), Object(Symfony\\Component\\HttpKernel\\Exception\\NotFoundHttpException))
#42 C:\\laragon\\www\\mboabuy\\vendor\\laravel\\framework\\src\\Illuminate\\Pipeline\\Pipeline.php(146): Illuminate\\Routing\\Pipeline->handleException(Object(Illuminate\\Http\\Request), Object(Symfony\\Component\\HttpKernel\\Exception\\NotFoundHttpException))
#43 C:\\laragon\\www\\mboabuy\\vendor\\barryvdh\\laravel-debugbar\\src\\Middleware\\InjectDebugbar.php(59): Illuminate\\Pipeline\\Pipeline->{closure:Illuminate\\Pipeline\\Pipeline::prepareDestination():142}(Object(Illuminate\\Http\\Request))
#44 C:\\laragon\\www\\mboabuy\\vendor\\laravel\\framework\\src\\Illuminate\\Pipeline\\Pipeline.php(183): Barryvdh\\Debugbar\\Middleware\\InjectDebugbar->handle(Object(Illuminate\\Http\\Request), Object(Closure))
#45 C:\\laragon\\www\\mboabuy\\vendor\\laravel\\framework\\src\\Illuminate\\View\\Middleware\\ShareErrorsFromSession.php(49): Illuminate\\Pipeline\\Pipeline->{closure:{closure:Illuminate\\Pipeline\\Pipeline::carry():158}:159}(Object(Illuminate\\Http\\Request))
#46 C:\\laragon\\www\\mboabuy\\vendor\\laravel\\framework\\src\\Illuminate\\Pipeline\\Pipeline.php(183): Illuminate\\View\\Middleware\\ShareErrorsFromSession->handle(Object(Illuminate\\Http\\Request), Object(Closure))
#47 C:\\laragon\\www\\mboabuy\\vendor\\laravel\\framework\\src\\Illuminate\\Session\\Middleware\\StartSession.php(121): Illuminate\\Pipeline\\Pipeline->{closure:{closure:Illuminate\\Pipeline\\Pipeline::carry():158}:159}(Object(Illuminate\\Http\\Request))
#48 C:\\laragon\\www\\mboabuy\\vendor\\laravel\\framework\\src\\Illuminate\\Session\\Middleware\\StartSession.php(64): Illuminate\\Session\\Middleware\\StartSession->handleStatefulRequest(Object(Illuminate\\Http\\Request), Object(Illuminate\\Session\\Store), Object(Closure))
#49 C:\\laragon\\www\\mboabuy\\vendor\\laravel\\framework\\src\\Illuminate\\Pipeline\\Pipeline.php(183): Illuminate\\Session\\Middleware\\StartSession->handle(Object(Illuminate\\Http\\Request), Object(Closure))
#50 C:\\laragon\\www\\mboabuy\\vendor\\laravel\\framework\\src\\Illuminate\\Http\\Middleware\\TrustProxies.php(39): Illuminate\\Pipeline\\Pipeline->{closure:{closure:Illuminate\\Pipeline\\Pipeline::carry():158}:159}(Object(Illuminate\\Http\\Request))
#51 C:\\laragon\\www\\mboabuy\\vendor\\laravel\\framework\\src\\Illuminate\\Pipeline\\Pipeline.php(183): Illuminate\\Http\\Middleware\\TrustProxies->handle(Object(Illuminate\\Http\\Request), Object(Closure))
#52 C:\\laragon\\www\\mboabuy\\vendor\\laravel\\framework\\src\\Illuminate\\Foundation\\Http\\Middleware\\TransformsRequest.php(21): Illuminate\\Pipeline\\Pipeline->{closure:{closure:Illuminate\\Pipeline\\Pipeline::carry():158}:159}(Object(Illuminate\\Http\\Request))
#53 C:\\laragon\\www\\mboabuy\\vendor\\laravel\\framework\\src\\Illuminate\\Foundation\\Http\\Middleware\\ConvertEmptyStringsToNull.php(31): Illuminate\\Foundation\\Http\\Middleware\\TransformsRequest->handle(Object(Illuminate\\Http\\Request), Object(Closure))
#54 C:\\laragon\\www\\mboabuy\\vendor\\laravel\\framework\\src\\Illuminate\\Pipeline\\Pipeline.php(183): Illuminate\\Foundation\\Http\\Middleware\\ConvertEmptyStringsToNull->handle(Object(Illuminate\\Http\\Request), Object(Closure))
#55 C:\\laragon\\www\\mboabuy\\vendor\\laravel\\framework\\src\\Illuminate\\Foundation\\Http\\Middleware\\TransformsRequest.php(21): Illuminate\\Pipeline\\Pipeline->{closure:{closure:Illuminate\\Pipeline\\Pipeline::carry():158}:159}(Object(Illuminate\\Http\\Request))
#56 C:\\laragon\\www\\mboabuy\\vendor\\laravel\\framework\\src\\Illuminate\\Foundation\\Http\\Middleware\\TrimStrings.php(40): Illuminate\\Foundation\\Http\\Middleware\\TransformsRequest->handle(Object(Illuminate\\Http\\Request), Object(Closure))
#57 C:\\laragon\\www\\mboabuy\\vendor\\laravel\\framework\\src\\Illuminate\\Pipeline\\Pipeline.php(183): Illuminate\\Foundation\\Http\\Middleware\\TrimStrings->handle(Object(Illuminate\\Http\\Request), Object(Closure))
#58 C:\\laragon\\www\\mboabuy\\vendor\\laravel\\framework\\src\\Illuminate\\Foundation\\Http\\Middleware\\ValidatePostSize.php(27): Illuminate\\Pipeline\\Pipeline->{closure:{closure:Illuminate\\Pipeline\\Pipeline::carry():158}:159}(Object(Illuminate\\Http\\Request))
#59 C:\\laragon\\www\\mboabuy\\vendor\\laravel\\framework\\src\\Illuminate\\Pipeline\\Pipeline.php(183): Illuminate\\Foundation\\Http\\Middleware\\ValidatePostSize->handle(Object(Illuminate\\Http\\Request), Object(Closure))
#60 C:\\laragon\\www\\mboabuy\\vendor\\laravel\\framework\\src\\Illuminate\\Pipeline\\Pipeline.php(119): Illuminate\\Pipeline\\Pipeline->{closure:{closure:Illuminate\\Pipeline\\Pipeline::carry():158}:159}(Object(Illuminate\\Http\\Request))
#61 C:\\laragon\\www\\mboabuy\\vendor\\laravel\\framework\\src\\Illuminate\\Foundation\\Http\\Kernel.php(175): Illuminate\\Pipeline\\Pipeline->then(Object(Closure))
#62 C:\\laragon\\www\\mboabuy\\vendor\\laravel\\framework\\src\\Illuminate\\Foundation\\Http\\Kernel.php(144): Illuminate\\Foundation\\Http\\Kernel->sendRequestThroughRouter(Object(Illuminate\\Http\\Request))
#63 C:\\laragon\\www\\mboabuy\\index.php(56): Illuminate\\Foundation\\Http\\Kernel->handle(Object(Illuminate\\Http\\Request))
#64 {main}
"} 
[2026-08-04 01:08:04] local.ERROR: SQLSTATE[42S02]: Base table or view not found: 1146 Table 'mboabuy.addons' doesn't exist (Connection: mysql, SQL: select * from `addons`) {"view":{"view":"C:\\laragon\\www\\mboabuy\\resources\\views\\errors\\404.blade.php","data":{"errors":"<pre class=sf-dump id=sf-dump-1388594205 data-indent-pad=\"  \"><span class=sf-dump-note>Illuminate\\Support\\ViewErrorBag</span> {<a class=sf-dump-ref>#449</a><samp data-depth=1 class=sf-dump-expanded>
  #<span class=sf-dump-protected title=\"Protected property\">bags</span>: []
</samp>}
</pre><script>Sfdump(\"sf-dump-1388594205\", {\"maxDepth\":3,\"maxStringLength\":160})</script>
","exception":"<pre class=sf-dump id=sf-dump-165180972 data-indent-pad=\"  \"><span class=sf-dump-note>Symfony\\Component\\HttpKernel\\Exception\\NotFoundHttpException</span> {<a class=sf-dump-ref>#396</a><samp data-depth=1 class=sf-dump-expanded>
  #<span class=sf-dump-protected title=\"Protected property\">message</span>: \"<span class=sf-dump-str title=\"40 characters\">The route loader.gif could not be found.</span>\"
  #<span class=sf-dump-protected title=\"Protected property\">code</span>: <span class=sf-dump-num>0</span>
  #<span class=sf-dump-protected title=\"Protected property\">file</span>: \"<span class=sf-dump-str title=\"C:\\laragon\\www\\mboabuy\\vendor\\laravel\\framework\\src\\Illuminate\\Routing\\AbstractRouteCollection.php
98 characters\"><span class=\"sf-dump-ellipsis sf-dump-ellipsis-path\">C:\\laragon\\www\\mboabuy\\vendor</span><span class=\"sf-dump-ellipsis sf-dump-ellipsis-path\">\\laravel\\framework\\</span>src\\Illuminate\\Routing\\AbstractRouteCollection.php</span>\"
  #<span class=sf-dump-protected title=\"Protected property\">line</span>: <span class=sf-dump-num>44</span>
  -<span class=sf-dump-private title=\"Private property defined in class:&#10;`Symfony\\Component\\HttpKernel\\Exception\\HttpException`\">statusCode</span>: <span class=sf-dump-num>404</span>
  -<span class=sf-dump-private title=\"Private property defined in class:&#10;`Symfony\\Component\\HttpKernel\\Exception\\HttpException`\">headers</span>: []
  <span class=sf-dump-meta>trace</span>: {<samp data-depth=2 class=sf-dump-compact>
    <span class=sf-dump-meta title=\"C:\\laragon\\www\\mboabuy\\vendor\\laravel\\framework\\src\\Illuminate\\Routing\\AbstractRouteCollection.php:44
Stack level 28.\"><span class=\"sf-dump-ellipsis sf-dump-ellipsis-path\">C:\\laragon\\www\\mboabuy\\vendor</span><span class=\"sf-dump-ellipsis sf-dump-ellipsis-path\">\\laravel\\framework\\</span>src\\Illuminate\\Routing\\AbstractRouteCollection.php:44</span> {<samp data-depth=3 class=sf-dump-compact>
      <span class=sf-dump-note title=\"Illuminate\\Routing\\AbstractRouteCollection-&gt;handleMatchedRoute(Request $request, $route)
\"><span class=\"sf-dump-ellipsis sf-dump-ellipsis-note\">Illuminate\\Routing</span><span class=\"sf-dump-ellipsis sf-dump-ellipsis-note\">\\</span>AbstractRouteCollection-&gt;handleMatchedRoute(Request $request, $route)</span> &#8230;
      &#8250; 
      &#8250; <code class=\"php\"><span class=sf-dump-const title=\"in Illuminate\\Routing\\AbstractRouteCollection-&gt;handleMatchedRoute(Request $request, $route)\">throw new NotFoundHttpException(sprintf(</span></code>
      &#8250; <code class=\"php\"><span class=sf-dump-default>    &#039;The route %s could not be found.&#039;,</span></code>
    </samp>}
    <span class=sf-dump-meta title=\"C:\\laragon\\www\\mboabuy\\vendor\\laravel\\framework\\src\\Illuminate\\Routing\\RouteCollection.php:162
Stack level 27.\"><span class=\"sf-dump-ellipsis sf-dump-ellipsis-path\">C:\\laragon\\www\\mboabuy\\vendor</span><span class=\"sf-dump-ellipsis sf-dump-ellipsis-path\">\\laravel\\framework\\</span>src\\Illuminate\\Routing\\RouteCollection.php:162</span> {<samp data-depth=3 class=sf-dump-compact>
      <span class=sf-dump-note title=\"Illuminate\\Routing\\RouteCollection-&gt;match(Request $request)
\"><span class=\"sf-dump-ellipsis sf-dump-ellipsis-note\">Illuminate\\Routing</span><span class=\"sf-dump-ellipsis sf-dump-ellipsis-note\">\\</span>RouteCollection-&gt;match(Request $request)</span> &#8230;
      &#8250; 
      &#8250; <code class=\"php\"><span class=sf-dump-const title=\"in Illuminate\\Routing\\RouteCollection-&gt;match(Request $request)\">    return $this-&gt;handleMatchedRoute($request, $route);</span></code>
      &#8250; <code class=\"php\"><span class=sf-dump-default>}</span></code>
      <span class=sf-dump-meta>arguments</span>: { &#8230;2}
    </samp>}
    <span class=sf-dump-meta title=\"C:\\laragon\\www\\mboabuy\\vendor\\laravel\\framework\\src\\Illuminate\\Routing\\Router.php:761
Stack level 26.\"><span class=\"sf-dump-ellipsis sf-dump-ellipsis-path\">C:\\laragon\\www\\mboabuy\\vendor</span><span class=\"sf-dump-ellipsis sf-dump-ellipsis-path\">\\laravel\\framework\\</span>src\\Illuminate\\Routing\\Router.php:761</span> {<samp data-depth=3 class=sf-dump-compact>
      <span class=sf-dump-note title=\"Illuminate\\Routing\\Router-&gt;findRoute($request)
\"><span class=\"sf-dump-ellipsis sf-dump-ellipsis-note\">Illuminate\\Routing</span><span class=\"sf-dump-ellipsis sf-dump-ellipsis-note\">\\</span>Router-&gt;findRoute($request)</span> &#8230;
      &#8250; 
      &#8250; <code class=\"php\"><span class=sf-dump-const title=\"in Illuminate\\Routing\\Router-&gt;findRoute($request)\">$this-&gt;current = $route = $this-&gt;routes-&gt;match($request);</span></code>
      &#8250; 
      <span class=sf-dump-meta>arguments</span>: { &#8230;1}
    </samp>}
    <span class=sf-dump-meta title=\"C:\\laragon\\www\\mboabuy\\vendor\\laravel\\framework\\src\\Illuminate\\Routing\\Router.php:748
Stack level 25.\"><span class=\"sf-dump-ellipsis sf-dump-ellipsis-path\">C:\\laragon\\www\\mboabuy\\vendor</span><span class=\"sf-dump-ellipsis sf-dump-ellipsis-path\">\\laravel\\framework\\</span>src\\Illuminate\\Routing\\Router.php:748</span> {<samp data-depth=3 class=sf-dump-compact>
      <span class=sf-dump-note title=\"Illuminate\\Routing\\Router-&gt;dispatchToRoute(Request $request)
\"><span class=\"sf-dump-ellipsis sf-dump-ellipsis-note\">Illuminate\\Routing</span><span class=\"sf-dump-ellipsis sf-dump-ellipsis-note\">\\</span>Router-&gt;dispatchToRoute(Request $request)</span> &#8230;
      &#8250; <code class=\"php\"><span class=sf-dump-default>{</span></code>
      &#8250; <code class=\"php\"><span class=sf-dump-const title=\"in Illuminate\\Routing\\Router-&gt;dispatchToRoute(Request $request)\">    return $this-&gt;runRoute($request, $this-&gt;findRoute($request));</span></code>
      &#8250; <code class=\"php\"><span class=sf-dump-default>}</span></code>
      <span class=sf-dump-meta>arguments</span>: { &#8230;1}
    </samp>}
    <span class=sf-dump-meta title=\"C:\\laragon\\www\\mboabuy\\vendor\\laravel\\framework\\src\\Illuminate\\Routing\\Router.php:737
Stack level 24.\"><span class=\"sf-dump-ellipsis sf-dump-ellipsis-path\">C:\\laragon\\www\\mboabuy\\vendor</span><span class=\"sf-dump-ellipsis sf-dump-ellipsis-path\">\\laravel\\framework\\</span>src\\Illuminate\\Routing\\Router.php:737</span> {<samp data-depth=3 class=sf-dump-compact>
      <span class=sf-dump-note title=\"Illuminate\\Routing\\Router-&gt;dispatch(Request $request)
\"><span class=\"sf-dump-ellipsis sf-dump-ellipsis-note\">Illuminate\\Routing</span><span class=\"sf-dump-ellipsis sf-dump-ellipsis-note\">\\</span>Router-&gt;dispatch(Request $request)</span> &#8230;
      &#8250; 
      &#8250; <code class=\"php\"><span class=sf-dump-const title=\"in Illuminate\\Routing\\Router-&gt;dispatch(Request $request)\">    return $this-&gt;dispatchToRoute($request);</span></code>
      &#8250; <code class=\"php\"><span class=sf-dump-default>}</span></code>
      <span class=sf-dump-meta>arguments</span>: { &#8230;1}
    </samp>}
    <span class=sf-dump-meta title=\"C:\\laragon\\www\\mboabuy\\vendor\\laravel\\framework\\src\\Illuminate\\Foundation\\Http\\Kernel.php:200
Stack level 23.\"><span class=\"sf-dump-ellipsis sf-dump-ellipsis-path\">C:\\laragon\\www\\mboabuy\\vendor</span><span class=\"sf-dump-ellipsis sf-dump-ellipsis-path\">\\laravel\\framework\\</span>src\\Illuminate\\Foundation\\Http\\Kernel.php:200</span> {<samp data-depth=3 class=sf-dump-compact>
      <span class=sf-dump-note title=\"Illuminate\\Foundation\\Http\\Kernel-&gt;Illuminate\\Foundation\\Http\\{closure}
\"><span class=\"sf-dump-ellipsis sf-dump-ellipsis-note\">Illuminate\\Foundation\\Http\\Kernel-&gt;Illuminate\\Foundation\\Http</span><span class=\"sf-dump-ellipsis sf-dump-ellipsis-note\">\\</span>{closure}</span> &#8230;
      &#8250; 
      &#8250; <code class=\"php\"><span class=sf-dump-const title=\"in Illuminate\\Foundation\\Http\\Kernel-&gt;Illuminate\\Foundation\\Http\\{closure}\">    return $this-&gt;router-&gt;dispatch($request);</span></code>
      &#8250; <code class=\"php\"><span class=sf-dump-default>};</span></code>
      <span class=sf-dump-meta>arguments</span>: { &#8230;1}
    </samp>}
    <span class=sf-dump-meta title=\"C:\\laragon\\www\\mboabuy\\vendor\\laravel\\framework\\src\\Illuminate\\Pipeline\\Pipeline.php:144
Stack level 22.\"><span class=\"sf-dump-ellipsis sf-dump-ellipsis-path\">C:\\laragon\\www\\mboabuy\\vendor</span><span class=\"sf-dump-ellipsis sf-dump-ellipsis-path\">\\laravel\\framework\\</span>src\\Illuminate\\Pipeline\\Pipeline.php:144</span> {<samp data-depth=3 class=sf-dump-compact>
      <span class=sf-dump-note title=\"Illuminate\\Pipeline\\Pipeline-&gt;Illuminate\\Pipeline\\{closure}
\"><span class=\"sf-dump-ellipsis sf-dump-ellipsis-note\">Illuminate\\Pipeline\\Pipeline-&gt;Illuminate\\Pipeline</span><span class=\"sf-dump-ellipsis sf-dump-ellipsis-note\">\\</span>{closure}</span> &#8230;
      &#8250; <code class=\"php\"><span class=sf-dump-default>try {</span></code>
      &#8250; <code class=\"php\"><span class=sf-dump-const title=\"in Illuminate\\Pipeline\\Pipeline-&gt;Illuminate\\Pipeline\\{closure}\">    return $destination($passable);</span></code>
      &#8250; <code class=\"php\"><span class=sf-dump-default>} catch (Throwable $e) {</span></code>
      <span class=sf-dump-meta>arguments</span>: { &#8230;1}
    </samp>}
    <span class=sf-dump-meta title=\"C:\\laragon\\www\\mboabuy\\vendor\\barryvdh\\laravel-debugbar\\src\\Middleware\\InjectDebugbar.php:59
Stack level 21.\"><span class=\"sf-dump-ellipsis sf-dump-ellipsis-path\">C:\\laragon\\www\\mboabuy\\vendor</span><span class=\"sf-dump-ellipsis sf-dump-ellipsis-path\">\\barryvdh\\laravel-debugbar\\</span>src\\Middleware\\InjectDebugbar.php:59</span> {<samp data-depth=3 class=sf-dump-compact>
      <span class=sf-dump-note title=\"Barryvdh\\Debugbar\\Middleware\\InjectDebugbar-&gt;handle($request, Closure $next)
\"><span class=\"sf-dump-ellipsis sf-dump-ellipsis-note\">Barryvdh\\Debugbar\\Middleware</span><span class=\"sf-dump-ellipsis sf-dump-ellipsis-note\">\\</span>InjectDebugbar-&gt;handle($request, Closure $next)</span> &#8230;
      &#8250; <code class=\"php\"><span class=sf-dump-default>if (!$this-&gt;debugbar-&gt;isEnabled() || $this-&gt;inExceptArray($request)) {</span></code>
      &#8250; <code class=\"php\"><span class=sf-dump-const title=\"in Barryvdh\\Debugbar\\Middleware\\InjectDebugbar-&gt;handle($request, Closure $next)\">    return $next($request);</span></code>
      &#8250; <code class=\"php\"><span class=sf-dump-default>}</span></code>
      <span class=sf-dump-meta>arguments</span>: { &#8230;1}
    </samp>}
    <span class=sf-dump-meta title=\"C:\\laragon\\www\\mboabuy\\vendor\\laravel\\framework\\src\\Illuminate\\Pipeline\\Pipeline.php:183
Stack level 20.\"><span class=\"sf-dump-ellipsis sf-dump-ellipsis-path\">C:\\laragon\\www\\mboabuy\\vendor</span><span class=\"sf-dump-ellipsis sf-dump-ellipsis-path\">\\laravel\\framework\\</span>src\\Illuminate\\Pipeline\\Pipeline.php:183</span> {<samp data-depth=3 class=sf-dump-compact>
      <span class=sf-dump-note title=\"Illuminate\\Pipeline\\Pipeline-&gt;Illuminate\\Pipeline\\{closure}
\"><span class=\"sf-dump-ellipsis sf-dump-ellipsis-note\">Illuminate\\Pipeline\\Pipeline-&gt;Illuminate\\Pipeline</span><span class=\"sf-dump-ellipsis sf-dump-ellipsis-note\">\\</span>{closure}</span> &#8230;
      &#8250; <code class=\"php\"><span class=sf-dump-default>$carry = method_exists($pipe, $this-&gt;method)</span></code>
      &#8250; <code class=\"php\"><span class=sf-dump-const title=\"in Illuminate\\Pipeline\\Pipeline-&gt;Illuminate\\Pipeline\\{closure}\">                ? $pipe-&gt;{$this-&gt;method}(...$parameters)</span></code>
      &#8250; <code class=\"php\"><span class=sf-dump-default>                : $pipe(...$parameters);</span></code>
      <span class=sf-dump-meta>arguments</span>: { &#8230;2}
    </samp>}
    <span class=sf-dump-meta title=\"C:\\laragon\\www\\mboabuy\\vendor\\laravel\\framework\\src\\Illuminate\\View\\Middleware\\ShareErrorsFromSession.php:49
Stack level 19.\"><span class=\"sf-dump-ellipsis sf-dump-ellipsis-path\">C:\\laragon\\www\\mboabuy\\vendor</span><span class=\"sf-dump-ellipsis sf-dump-ellipsis-path\">\\laravel\\framework\\</span>src\\Illuminate\\View\\Middleware\\ShareErrorsFromSession.php:49</span> {<samp data-depth=3 class=sf-dump-compact>
      <span class=sf-dump-note title=\"Illuminate\\View\\Middleware\\ShareErrorsFromSession-&gt;handle($request, Closure $next)
\"><span class=\"sf-dump-ellipsis sf-dump-ellipsis-note\">Illuminate\\View\\Middleware</span><span class=\"sf-dump-ellipsis sf-dump-ellipsis-note\">\\</span>ShareErrorsFromSession-&gt;handle($request, Closure $next)</span> &#8230;
      &#8250; 
      &#8250; <code class=\"php\"><span class=sf-dump-const title=\"in Illuminate\\View\\Middleware\\ShareErrorsFromSession-&gt;handle($request, Closure $next)\">    return $next($request);</span></code>
      &#8250; <code class=\"php\"><span class=sf-dump-default>}</span></code>
      <span class=sf-dump-meta>arguments</span>: { &#8230;1}
    </samp>}
    <span class=sf-dump-meta title=\"C:\\laragon\\www\\mboabuy\\vendor\\laravel\\framework\\src\\Illuminate\\Pipeline\\Pipeline.php:183
Stack level 18.\"><span class=\"sf-dump-ellipsis sf-dump-ellipsis-path\">C:\\laragon\\www\\mboabuy\\vendor</span><span class=\"sf-dump-ellipsis sf-dump-ellipsis-path\">\\laravel\\framework\\</span>src\\Illuminate\\Pipeline\\Pipeline.php:183</span> {<samp data-depth=3 class=sf-dump-compact>
      <span class=sf-dump-note title=\"Illuminate\\Pipeline\\Pipeline-&gt;Illuminate\\Pipeline\\{closure}
\"><span class=\"sf-dump-ellipsis sf-dump-ellipsis-note\">Illuminate\\Pipeline\\Pipeline-&gt;Illuminate\\Pipeline</span><span class=\"sf-dump-ellipsis sf-dump-ellipsis-note\">\\</span>{closure}</span> &#8230;
      &#8250; <code class=\"php\"><span class=sf-dump-default>$carry = method_exists($pipe, $this-&gt;method)</span></code>
      &#8250; <code class=\"php\"><span class=sf-dump-const title=\"in Illuminate\\Pipeline\\Pipeline-&gt;Illuminate\\Pipeline\\{closure}\">                ? $pipe-&gt;{$this-&gt;method}(...$parameters)</span></code>
      &#8250; <code class=\"php\"><span class=sf-dump-default>                : $pipe(...$parameters);</span></code>
      <span class=sf-dump-meta>arguments</span>: { &#8230;2}
    </samp>}
    <span class=sf-dump-meta title=\"C:\\laragon\\www\\mboabuy\\vendor\\laravel\\framework\\src\\Illuminate\\Session\\Middleware\\StartSession.php:121
Stack level 17.\"><span class=\"sf-dump-ellipsis sf-dump-ellipsis-path\">C:\\laragon\\www\\mboabuy\\vendor</span><span class=\"sf-dump-ellipsis sf-dump-ellipsis-path\">\\laravel\\framework\\</span>src\\Illuminate\\Session\\Middleware\\StartSession.php:121</span> {<samp data-depth=3 class=sf-dump-compact>
      <span class=sf-dump-note title=\"Illuminate\\Session\\Middleware\\StartSession-&gt;handleStatefulRequest(Request $request, $session, Closure $next)
\"><span class=\"sf-dump-ellipsis sf-dump-ellipsis-note\">Illuminate\\Session\\Middleware</span><span class=\"sf-dump-ellipsis sf-dump-ellipsis-note\">\\</span>StartSession-&gt;handleStatefulRequest(Request $request, $session, Closure $next)</span> &#8230;
      &#8250; 
      &#8250; <code class=\"php\"><span class=sf-dump-const title=\"in Illuminate\\Session\\Middleware\\StartSession-&gt;handleStatefulRequest(Request $request, $session, Closure $next)\">$response = $next($request);</span></code>
      &#8250; 
      <span class=sf-dump-meta>arguments</span>: { &#8230;1}
    </samp>}
    <span class=sf-dump-meta title=\"C:\\laragon\\www\\mboabuy\\vendor\\laravel\\framework\\src\\Illuminate\\Session\\Middleware\\StartSession.php:64
Stack level 16.\"><span class=\"sf-dump-ellipsis sf-dump-ellipsis-path\">C:\\laragon\\www\\mboabuy\\vendor</span><span class=\"sf-dump-ellipsis sf-dump-ellipsis-path\">\\laravel\\framework\\</span>src\\Illuminate\\Session\\Middleware\\StartSession.php:64</span> {<samp data-depth=3 class=sf-dump-compact>
      <span class=sf-dump-note title=\"Illuminate\\Session\\Middleware\\StartSession-&gt;handle($request, Closure $next)
\"><span class=\"sf-dump-ellipsis sf-dump-ellipsis-note\">Illuminate\\Session\\Middleware</span><span class=\"sf-dump-ellipsis sf-dump-ellipsis-note\">\\</span>StartSession-&gt;handle($request, Closure $next)</span> &#8230;
      &#8250; 
      &#8250; <code class=\"php\"><span class=sf-dump-const title=\"in Illuminate\\Session\\Middleware\\StartSession-&gt;handle($request, Closure $next)\">    return $this-&gt;handleStatefulRequest($request, $session, $next);</span></code>
      &#8250; <code class=\"php\"><span class=sf-dump-default>}</span></code>
      <span class=sf-dump-meta>arguments</span>: { &#8230;3}
    </samp>}
    <span class=sf-dump-meta title=\"C:\\laragon\\www\\mboabuy\\vendor\\laravel\\framework\\src\\Illuminate\\Pipeline\\Pipeline.php:183
Stack level 15.\"><span class=\"sf-dump-ellipsis sf-dump-ellipsis-path\">C:\\laragon\\www\\mboabuy\\vendor</span><span class=\"sf-dump-ellipsis sf-dump-ellipsis-path\">\\laravel\\framework\\</span>src\\Illuminate\\Pipeline\\Pipeline.php:183</span> {<samp data-depth=3 class=sf-dump-compact>
      <span class=sf-dump-note title=\"Illuminate\\Pipeline\\Pipeline-&gt;Illuminate\\Pipeline\\{closure}
\"><span class=\"sf-dump-ellipsis sf-dump-ellipsis-note\">Illuminate\\Pipeline\\Pipeline-&gt;Illuminate\\Pipeline</span><span class=\"sf-dump-ellipsis sf-dump-ellipsis-note\">\\</span>{closure}</span> &#8230;
      &#8250; <code class=\"php\"><span class=sf-dump-default>$carry = method_exists($pipe, $this-&gt;method)</span></code>
      &#8250; <code class=\"php\"><span class=sf-dump-const title=\"in Illuminate\\Pipeline\\Pipeline-&gt;Illuminate\\Pipeline\\{closure}\">                ? $pipe-&gt;{$this-&gt;method}(...$parameters)</span></code>
      &#8250; <code class=\"php\"><span class=sf-dump-default>                : $pipe(...$parameters);</span></code>
      <span class=sf-dump-meta>arguments</span>: { &#8230;2}
    </samp>}
    <span class=sf-dump-meta title=\"C:\\laragon\\www\\mboabuy\\vendor\\laravel\\framework\\src\\Illuminate\\Http\\Middleware\\TrustProxies.php:39
Stack level 14.\"><span class=\"sf-dump-ellipsis sf-dump-ellipsis-path\">C:\\laragon\\www\\mboabuy\\vendor</span><span class=\"sf-dump-ellipsis sf-dump-ellipsis-path\">\\laravel\\framework\\</span>src\\Illuminate\\Http\\Middleware\\TrustProxies.php:39</span> {<samp data-depth=3 class=sf-dump-compact>
      <span class=sf-dump-note title=\"Illuminate\\Http\\Middleware\\TrustProxies-&gt;handle(Request $request, Closure $next)
\"><span class=\"sf-dump-ellipsis sf-dump-ellipsis-note\">Illuminate\\Http\\Middleware</span><span class=\"sf-dump-ellipsis sf-dump-ellipsis-note\">\\</span>TrustProxies-&gt;handle(Request $request, Closure $next)</span> &#8230;
      &#8250; 
      &#8250; <code class=\"php\"><span class=sf-dump-const title=\"in Illuminate\\Http\\Middleware\\TrustProxies-&gt;handle(Request $request, Closure $next)\">    return $next($request);</span></code>
      &#8250; <code class=\"php\"><span class=sf-dump-default>}</span></code>
      <span class=sf-dump-meta>arguments</span>: { &#8230;1}
    </samp>}
    <span class=sf-dump-meta title=\"C:\\laragon\\www\\mboabuy\\vendor\\laravel\\framework\\src\\Illuminate\\Pipeline\\Pipeline.php:183
Stack level 13.\"><span class=\"sf-dump-ellipsis sf-dump-ellipsis-path\">C:\\laragon\\www\\mboabuy\\vendor</span><span class=\"sf-dump-ellipsis sf-dump-ellipsis-path\">\\laravel\\framework\\</span>src\\Illuminate\\Pipeline\\Pipeline.php:183</span> {<samp data-depth=3 class=sf-dump-compact>
      <span class=sf-dump-note title=\"Illuminate\\Pipeline\\Pipeline-&gt;Illuminate\\Pipeline\\{closure}
\"><span class=\"sf-dump-ellipsis sf-dump-ellipsis-note\">Illuminate\\Pipeline\\Pipeline-&gt;Illuminate\\Pipeline</span><span class=\"sf-dump-ellipsis sf-dump-ellipsis-note\">\\</span>{closure}</span> &#8230;
      &#8250; <code class=\"php\"><span class=sf-dump-default>$carry = method_exists($pipe, $this-&gt;method)</span></code>
      &#8250; <code class=\"php\"><span class=sf-dump-const title=\"in Illuminate\\Pipeline\\Pipeline-&gt;Illuminate\\Pipeline\\{closure}\">                ? $pipe-&gt;{$this-&gt;method}(...$parameters)</span></code>
      &#8250; <code class=\"php\"><span class=sf-dump-default>                : $pipe(...$parameters);</span></code>
      <span class=sf-dump-meta>arguments</span>: { &#8230;2}
    </samp>}
    <span class=sf-dump-meta title=\"C:\\laragon\\www\\mboabuy\\vendor\\laravel\\framework\\src\\Illuminate\\Foundation\\Http\\Middleware\\TransformsRequest.php:21
Stack level 12.\"><span class=\"sf-dump-ellipsis sf-dump-ellipsis-path\">C:\\laragon\\www\\mboabuy\\vendor</span><span class=\"sf-dump-ellipsis sf-dump-ellipsis-path\">\\laravel\\framework\\</span>src\\Illuminate\\Foundation\\Http\\Middleware\\TransformsRequest.php:21</span> {<samp data-depth=3 class=sf-dump-compact>
      <span class=sf-dump-note title=\"Illuminate\\Foundation\\Http\\Middleware\\TransformsRequest-&gt;handle($request, Closure $next)
\"><span class=\"sf-dump-ellipsis sf-dump-ellipsis-note\">Illuminate\\Foundation\\Http\\Middleware</span><span class=\"sf-dump-ellipsis sf-dump-ellipsis-note\">\\</span>TransformsRequest-&gt;handle($request, Closure $next)</span> &#8230;
      &#8250; 
      &#8250; <code class=\"php\"><span class=sf-dump-const title=\"in Illuminate\\Foundation\\Http\\Middleware\\TransformsRequest-&gt;handle($request, Closure $next)\">    return $next($request);</span></code>
      &#8250; <code class=\"php\"><span class=sf-dump-default>}</span></code>
      <span class=sf-dump-meta>arguments</span>: { &#8230;1}
    </samp>}
    <span class=sf-dump-meta title=\"C:\\laragon\\www\\mboabuy\\vendor\\laravel\\framework\\src\\Illuminate\\Foundation\\Http\\Middleware\\ConvertEmptyStringsToNull.php:31
Stack level 11.\"><span class=\"sf-dump-ellipsis sf-dump-ellipsis-path\">C:\\laragon\\www\\mboabuy\\vendor</span><span class=\"sf-dump-ellipsis sf-dump-ellipsis-path\">\\laravel\\framework\\</span>src\\Illuminate\\Foundation\\Http\\Middleware\\ConvertEmptyStringsToNull.php:31</span> {<samp data-depth=3 class=sf-dump-compact>
      <span class=sf-dump-note title=\"Illuminate\\Foundation\\Http\\Middleware\\ConvertEmptyStringsToNull-&gt;handle($request, Closure $next)
\"><span class=\"sf-dump-ellipsis sf-dump-ellipsis-note\">Illuminate\\Foundation\\Http\\Middleware</span><span class=\"sf-dump-ellipsis sf-dump-ellipsis-note\">\\</span>ConvertEmptyStringsToNull-&gt;handle($request, Closure $next)</span> &#8230;
      &#8250; 
      &#8250; <code class=\"php\"><span class=sf-dump-const title=\"in Illuminate\\Foundation\\Http\\Middleware\\ConvertEmptyStringsToNull-&gt;handle($request, Closure $next)\">    return parent::handle($request, $next);</span></code>
      &#8250; <code class=\"php\"><span class=sf-dump-default>}</span></code>
      <span class=sf-dump-meta>arguments</span>: { &#8230;2}
    </samp>}
    <span class=sf-dump-meta title=\"C:\\laragon\\www\\mboabuy\\vendor\\laravel\\framework\\src\\Illuminate\\Pipeline\\Pipeline.php:183
Stack level 10.\"><span class=\"sf-dump-ellipsis sf-dump-ellipsis-path\">C:\\laragon\\www\\mboabuy\\vendor</span><span class=\"sf-dump-ellipsis sf-dump-ellipsis-path\">\\laravel\\framework\\</span>src\\Illuminate\\Pipeline\\Pipeline.php:183</span> {<samp data-depth=3 class=sf-dump-compact>
      <span class=sf-dump-note title=\"Illuminate\\Pipeline\\Pipeline-&gt;Illuminate\\Pipeline\\{closure}
\"><span class=\"sf-dump-ellipsis sf-dump-ellipsis-note\">Illuminate\\Pipeline\\Pipeline-&gt;Illuminate\\Pipeline</span><span class=\"sf-dump-ellipsis sf-dump-ellipsis-note\">\\</span>{closure}</span> &#8230;
      &#8250; <code class=\"php\"><span class=sf-dump-default>$carry = method_exists($pipe, $this-&gt;method)</span></code>
      &#8250; <code class=\"php\"><span class=sf-dump-const title=\"in Illuminate\\Pipeline\\Pipeline-&gt;Illuminate\\Pipeline\\{closure}\">                ? $pipe-&gt;{$this-&gt;method}(...$parameters)</span></code>
      &#8250; <code class=\"php\"><span class=sf-dump-default>                : $pipe(...$parameters);</span></code>
      <span class=sf-dump-meta>arguments</span>: { &#8230;2}
    </samp>}
    <span class=sf-dump-meta title=\"C:\\laragon\\www\\mboabuy\\vendor\\laravel\\framework\\src\\Illuminate\\Foundation\\Http\\Middleware\\TransformsRequest.php:21
Stack level 9.\"><span class=\"sf-dump-ellipsis sf-dump-ellipsis-path\">C:\\laragon\\www\\mboabuy\\vendor</span><span class=\"sf-dump-ellipsis sf-dump-ellipsis-path\">\\laravel\\framework\\</span>src\\Illuminate\\Foundation\\Http\\Middleware\\TransformsRequest.php:21</span> {<samp data-depth=3 class=sf-dump-compact>
      <span class=sf-dump-note title=\"Illuminate\\Foundation\\Http\\Middleware\\TransformsRequest-&gt;handle($request, Closure $next)
\"><span class=\"sf-dump-ellipsis sf-dump-ellipsis-note\">Illuminate\\Foundation\\Http\\Middleware</span><span class=\"sf-dump-ellipsis sf-dump-ellipsis-note\">\\</span>TransformsRequest-&gt;handle($request, Closure $next)</span> &#8230;
      &#8250; 
      &#8250; <code class=\"php\"><span class=sf-dump-const title=\"in Illuminate\\Foundation\\Http\\Middleware\\TransformsRequest-&gt;handle($request, Closure $next)\">    return $next($request);</span></code>
      &#8250; <code class=\"php\"><span class=sf-dump-default>}</span></code>
      <span class=sf-dump-meta>arguments</span>: { &#8230;1}
    </samp>}
    <span class=sf-dump-meta title=\"C:\\laragon\\www\\mboabuy\\vendor\\laravel\\framework\\src\\Illuminate\\Foundation\\Http\\Middleware\\TrimStrings.php:40
Stack level 8.\"><span class=\"sf-dump-ellipsis sf-dump-ellipsis-path\">C:\\laragon\\www\\mboabuy\\vendor</span><span class=\"sf-dump-ellipsis sf-dump-ellipsis-path\">\\laravel\\framework\\</span>src\\Illuminate\\Foundation\\Http\\Middleware\\TrimStrings.php:40</span> {<samp data-depth=3 class=sf-dump-compact>
      <span class=sf-dump-note title=\"Illuminate\\Foundation\\Http\\Middleware\\TrimStrings-&gt;handle($request, Closure $next)
\"><span class=\"sf-dump-ellipsis sf-dump-ellipsis-note\">Illuminate\\Foundation\\Http\\Middleware</span><span class=\"sf-dump-ellipsis sf-dump-ellipsis-note\">\\</span>TrimStrings-&gt;handle($request, Closure $next)</span> &#8230;
      &#8250; 
      &#8250; <code class=\"php\"><span class=sf-dump-const title=\"in Illuminate\\Foundation\\Http\\Middleware\\TrimStrings-&gt;handle($request, Closure $next)\">    return parent::handle($request, $next);</span></code>
      &#8250; <code class=\"php\"><span class=sf-dump-default>}</span></code>
      <span class=sf-dump-meta>arguments</span>: { &#8230;2}
    </samp>}
    <span class=sf-dump-meta title=\"C:\\laragon\\www\\mboabuy\\vendor\\laravel\\framework\\src\\Illuminate\\Pipeline\\Pipeline.php:183
Stack level 7.\"><span class=\"sf-dump-ellipsis sf-dump-ellipsis-path\">C:\\laragon\\www\\mboabuy\\vendor</span><span class=\"sf-dump-ellipsis sf-dump-ellipsis-path\">\\laravel\\framework\\</span>src\\Illuminate\\Pipeline\\Pipeline.php:183</span> {<samp data-depth=3 class=sf-dump-compact>
      <span class=sf-dump-note title=\"Illuminate\\Pipeline\\Pipeline-&gt;Illuminate\\Pipeline\\{closure}
\"><span class=\"sf-dump-ellipsis sf-dump-ellipsis-note\">Illuminate\\Pipeline\\Pipeline-&gt;Illuminate\\Pipeline</span><span class=\"sf-dump-ellipsis sf-dump-ellipsis-note\">\\</span>{closure}</span> &#8230;
      &#8250; <code class=\"php\"><span class=sf-dump-default>$carry = method_exists($pipe, $this-&gt;method)</span></code>
      &#8250; <code class=\"php\"><span class=sf-dump-const title=\"in Illuminate\\Pipeline\\Pipeline-&gt;Illuminate\\Pipeline\\{closure}\">                ? $pipe-&gt;{$this-&gt;method}(...$parameters)</span></code>
      &#8250; <code class=\"php\"><span class=sf-dump-default>                : $pipe(...$parameters);</span></code>
      <span class=sf-dump-meta>arguments</span>: { &#8230;2}
    </samp>}
    <span class=sf-dump-meta title=\"C:\\laragon\\www\\mboabuy\\vendor\\laravel\\framework\\src\\Illuminate\\Foundation\\Http\\Middleware\\ValidatePostSize.php:27
Stack level 6.\"><span class=\"sf-dump-ellipsis sf-dump-ellipsis-path\">C:\\laragon\\www\\mboabuy\\vendor</span><span class=\"sf-dump-ellipsis sf-dump-ellipsis-path\">\\laravel\\framework\\</span>src\\Illuminate\\Foundation\\Http\\Middleware\\ValidatePostSize.php:27</span> {<samp data-depth=3 class=sf-dump-compact>
      <span class=sf-dump-note title=\"Illuminate\\Foundation\\Http\\Middleware\\ValidatePostSize-&gt;handle($request, Closure $next)
\"><span class=\"sf-dump-ellipsis sf-dump-ellipsis-note\">Illuminate\\Foundation\\Http\\Middleware</span><span class=\"sf-dump-ellipsis sf-dump-ellipsis-note\">\\</span>ValidatePostSize-&gt;handle($request, Closure $next)</span> &#8230;
      &#8250; 
      &#8250; <code class=\"php\"><span class=sf-dump-const title=\"in Illuminate\\Foundation\\Http\\Middleware\\ValidatePostSize-&gt;handle($request, Closure $next)\">    return $next($request);</span></code>
      &#8250; <code class=\"php\"><span class=sf-dump-default>}</span></code>
      <span class=sf-dump-meta>arguments</span>: { &#8230;1}
    </samp>}
    <span class=sf-dump-meta title=\"C:\\laragon\\www\\mboabuy\\vendor\\laravel\\framework\\src\\Illuminate\\Pipeline\\Pipeline.php:183
Stack level 5.\"><span class=\"sf-dump-ellipsis sf-dump-ellipsis-path\">C:\\laragon\\www\\mboabuy\\vendor</span><span class=\"sf-dump-ellipsis sf-dump-ellipsis-path\">\\laravel\\framework\\</span>src\\Illuminate\\Pipeline\\Pipeline.php:183</span> {<samp data-depth=3 class=sf-dump-compact>
      <span class=sf-dump-note title=\"Illuminate\\Pipeline\\Pipeline-&gt;Illuminate\\Pipeline\\{closure}
\"><span class=\"sf-dump-ellipsis sf-dump-ellipsis-note\">Illuminate\\Pipeline\\Pipeline-&gt;Illuminate\\Pipeline</span><span class=\"sf-dump-ellipsis sf-dump-ellipsis-note\">\\</span>{closure}</span> &#8230;
      &#8250; <code class=\"php\"><span class=sf-dump-default>$carry = method_exists($pipe, $this-&gt;method)</span></code>
      &#8250; <code class=\"php\"><span class=sf-dump-const title=\"in Illuminate\\Pipeline\\Pipeline-&gt;Illuminate\\Pipeline\\{closure}\">                ? $pipe-&gt;{$this-&gt;method}(...$parameters)</span></code>
      &#8250; <code class=\"php\"><span class=sf-dump-default>                : $pipe(...$parameters);</span></code>
      <span class=sf-dump-meta>arguments</span>: { &#8230;2}
    </samp>}
    <span class=sf-dump-meta title=\"C:\\laragon\\www\\mboabuy\\vendor\\laravel\\framework\\src\\Illuminate\\Pipeline\\Pipeline.php:119
Stack level 4.\"><span class=\"sf-dump-ellipsis sf-dump-ellipsis-path\">C:\\laragon\\www\\mboabuy\\vendor</span><span class=\"sf-dump-ellipsis sf-dump-ellipsis-path\">\\laravel\\framework\\</span>src\\Illuminate\\Pipeline\\Pipeline.php:119</span> {<samp data-depth=3 class=sf-dump-compact>
      <span class=sf-dump-note title=\"Illuminate\\Pipeline\\Pipeline-&gt;then(Closure $destination)
\"><span class=\"sf-dump-ellipsis sf-dump-ellipsis-note\">Illuminate\\Pipeline</span><span class=\"sf-dump-ellipsis sf-dump-ellipsis-note\">\\</span>Pipeline-&gt;then(Closure $destination)</span> &#8230;
      &#8250; 
      &#8250; <code class=\"php\"><span class=sf-dump-const title=\"in Illuminate\\Pipeline\\Pipeline-&gt;then(Closure $destination)\">    return $pipeline($this-&gt;passable);</span></code>
      &#8250; <code class=\"php\"><span class=sf-dump-default>}</span></code>
      <span class=sf-dump-meta>arguments</span>: { &#8230;1}
    </samp>}
    <span class=sf-dump-meta title=\"C:\\laragon\\www\\mboabuy\\vendor\\laravel\\framework\\src\\Illuminate\\Foundation\\Http\\Kernel.php:175
Stack level 3.\"><span class=\"sf-dump-ellipsis sf-dump-ellipsis-path\">C:\\laragon\\www\\mboabuy\\vendor</span><span class=\"sf-dump-ellipsis sf-dump-ellipsis-path\">\\laravel\\framework\\</span>src\\Illuminate\\Foundation\\Http\\Kernel.php:175</span> {<samp data-depth=3 class=sf-dump-compact>
      <span class=sf-dump-note title=\"Illuminate\\Foundation\\Http\\Kernel-&gt;sendRequestThroughRouter($request)
\"><span class=\"sf-dump-ellipsis sf-dump-ellipsis-note\">Illuminate\\Foundation\\Http</span><span class=\"sf-dump-ellipsis sf-dump-ellipsis-note\">\\</span>Kernel-&gt;sendRequestThroughRouter($request)</span> &#8230;
      &#8250; <code class=\"php\"><span class=sf-dump-default>                -&gt;through($this-&gt;app-&gt;shouldSkipMiddleware() ? [] : $this-&gt;middleware)</span></code>
      &#8250; <code class=\"php\"><span class=sf-dump-const title=\"in Illuminate\\Foundation\\Http\\Kernel-&gt;sendRequestThroughRouter($request)\">                -&gt;then($this-&gt;dispatchToRouter());</span></code>
      &#8250; <code class=\"php\"><span class=sf-dump-default>}</span></code>
      <span class=sf-dump-meta>arguments</span>: { &#8230;1}
    </samp>}
    <span class=sf-dump-meta title=\"C:\\laragon\\www\\mboabuy\\vendor\\laravel\\framework\\src\\Illuminate\\Foundation\\Http\\Kernel.php:144
Stack level 2.\"><span class=\"sf-dump-ellipsis sf-dump-ellipsis-path\">C:\\laragon\\www\\mboabuy\\vendor</span><span class=\"sf-dump-ellipsis sf-dump-ellipsis-path\">\\laravel\\framework\\</span>src\\Illuminate\\Foundation\\Http\\Kernel.php:144</span> {<samp data-depth=3 class=sf-dump-compact>
      <span class=sf-dump-note title=\"Illuminate\\Foundation\\Http\\Kernel-&gt;handle($request)
\"><span class=\"sf-dump-ellipsis sf-dump-ellipsis-note\">Illuminate\\Foundation\\Http</span><span class=\"sf-dump-ellipsis sf-dump-ellipsis-note\">\\</span>Kernel-&gt;handle($request)</span> &#8230;
      &#8250; 
      &#8250; <code class=\"php\"><span class=sf-dump-const title=\"in Illuminate\\Foundation\\Http\\Kernel-&gt;handle($request)\">    $response = $this-&gt;sendRequestThroughRouter($request);</span></code>
      &#8250; <code class=\"php\"><span class=sf-dump-default>} catch (Throwable $e) {</span></code>
      <span class=sf-dump-meta>arguments</span>: { &#8230;1}
    </samp>}
    <span class=sf-dump-meta title=\"C:\\laragon\\www\\mboabuy\\index.php:56
Stack level 1.\"><span class=\"sf-dump-ellipsis sf-dump-ellipsis-path\">C:\\laragon\\www\\mboabuy</span><span class=\"sf-dump-ellipsis sf-dump-ellipsis-path\">\\</span>index.php:56</span> {<samp data-depth=3 class=sf-dump-compact>
      &#8250; <code class=\"php\"><span class=sf-dump-default><span class=\"sf-dump-default sf-dump-ns\">\\r</span></span></code>
      &#8250; <code class=\"php\"><span class=sf-dump-const title=\"\">$response = $kernel-&gt;handle(<span class=\"sf-dump-default sf-dump-ns\">\\r</span></span></code>
      &#8250; <code class=\"php\"><span class=sf-dump-default>    $request = Illuminate\\Http\\Request::capture()<span class=\"sf-dump-default sf-dump-ns\">\\r</span></span></code>
      <span class=sf-dump-meta>arguments</span>: { &#8230;1}
    </samp>}
  </samp>}
</samp>}
</pre><script>Sfdump(\"sf-dump-165180972\", {\"maxDepth\":3,\"maxStringLength\":160})</script>
"}},"exception":"[object] (Spatie\\LaravelIgnition\\Exceptions\\ViewException(code: 0): SQLSTATE[42S02]: Base table or view not found: 1146 Table 'mboabuy.addons' doesn't exist (Connection: mysql, SQL: select * from `addons`) at C:\\laragon\\www\\mboabuy\\vendor\\laravel\\framework\\src\\Illuminate\\Database\\Connection.php:829)
[stacktrace]
#0 C:\\laragon\\www\\mboabuy\\vendor\\laravel\\framework\\src\\Illuminate\\Database\\Connection.php(783): Illuminate\\Database\\Connection->runQueryCallback('select * from `...', Array, Object(Closure))
#1 C:\\laragon\\www\\mboabuy\\vendor\\laravel\\framework\\src\\Illuminate\\Database\\Connection.php(414): Illuminate\\Database\\Connection->run('select * from `...', Array, Object(Closure))
#2 C:\\laragon\\www\\mboabuy\\vendor\\laravel\\framework\\src\\Illuminate\\Database\\Query\\Builder.php(2913): Illuminate\\Database\\Connection->select('select * from `...', Array, true)
#3 C:\\laragon\\www\\mboabuy\\vendor\\laravel\\framework\\src\\Illuminate\\Database\\Query\\Builder.php(2902): Illuminate\\Database\\Query\\Builder->runSelect()
#4 C:\\laragon\\www\\mboabuy\\vendor\\laravel\\framework\\src\\Illuminate\\Database\\Query\\Builder.php(3456): Illuminate\\Database\\Query\\Builder->Illuminate\\Database\\Query\\{closure}()
#5 C:\\laragon\\www\\mboabuy\\vendor\\laravel\\framework\\src\\Illuminate\\Database\\Query\\Builder.php(2901): Illuminate\\Database\\Query\\Builder->onceWithColumns(Array, Object(Closure))
#6 C:\\laragon\\www\\mboabuy\\vendor\\laravel\\framework\\src\\Illuminate\\Database\\Eloquent\\Builder.php(739): Illuminate\\Database\\Query\\Builder->get(Array)
#7 C:\\laragon\\www\\mboabuy\\vendor\\laravel\\framework\\src\\Illuminate\\Database\\Eloquent\\Builder.php(723): Illuminate\\Database\\Eloquent\\Builder->getModels(Array)
#8 C:\\laragon\\www\\mboabuy\\vendor\\laravel\\framework\\src\\Illuminate\\Database\\Eloquent\\Model.php(675): Illuminate\\Database\\Eloquent\\Builder->get(Array)
#9 C:\\laragon\\www\\mboabuy\\app\\Http\\Helpers.php(1688): Illuminate\\Database\\Eloquent\\Model::all()
#10 C:\\laragon\\www\\mboabuy\\vendor\\laravel\\framework\\src\\Illuminate\\Cache\\Repository.php(396): {closure}()
#11 C:\\laragon\\www\\mboabuy\\vendor\\laravel\\framework\\src\\Illuminate\\Cache\\CacheManager.php(429): Illuminate\\Cache\\Repository->remember('addons', 86400, Object(Closure))
#12 C:\\laragon\\www\\mboabuy\\vendor\\laravel\\framework\\src\\Illuminate\\Support\\Facades\\Facade.php(355): Illuminate\\Cache\\CacheManager->__call('remember', Array)
#13 C:\\laragon\\www\\mboabuy\\app\\Http\\Helpers.php(1687): Illuminate\\Support\\Facades\\Facade::__callStatic('remember', Array)
#14 C:\\laragon\\www\\mboabuy\\resources\\views\\errors\\404.blade.php(1): addon_is_activated('portfolio_syste...')
#15 C:\\laragon\\www\\mboabuy\\vendor\\laravel\\framework\\src\\Illuminate\\Filesystem\\Filesystem.php(123): require('C:\\\\laragon\\\\www\\\\...')
#16 C:\\laragon\\www\\mboabuy\\vendor\\laravel\\framework\\src\\Illuminate\\Filesystem\\Filesystem.php(124): Illuminate\\Filesystem\\Filesystem::Illuminate\\Filesystem\\{closure}()
#17 C:\\laragon\\www\\mboabuy\\vendor\\laravel\\framework\\src\\Illuminate\\View\\Engines\\PhpEngine.php(58): Illuminate\\Filesystem\\Filesystem->getRequire('C:\\\\laragon\\\\www\\\\...', Array)
#18 C:\\laragon\\www\\mboabuy\\vendor\\laravel\\framework\\src\\Illuminate\\View\\Engines\\CompilerEngine.php(72): Illuminate\\View\\Engines\\PhpEngine->evaluatePath('C:\\\\laragon\\\\www\\\\...', Array)
#19 C:\\laragon\\www\\mboabuy\\vendor\\laravel\\framework\\src\\Illuminate\\View\\View.php(207): Illuminate\\View\\Engines\\CompilerEngine->get('C:\\\\laragon\\\\www\\\\...', Array)
#20 C:\\laragon\\www\\mboabuy\\vendor\\laravel\\framework\\src\\Illuminate\\View\\View.php(190): Illuminate\\View\\View->getContents()
#21 C:\\laragon\\www\\mboabuy\\vendor\\laravel\\framework\\src\\Illuminate\\View\\View.php(159): Illuminate\\View\\View->renderContents()
#22 C:\\laragon\\www\\mboabuy\\vendor\\laravel\\framework\\src\\Illuminate\\Http\\Response.php(69): Illuminate\\View\\View->render()
#23 C:\\laragon\\www\\mboabuy\\vendor\\laravel\\framework\\src\\Illuminate\\Http\\Response.php(35): Illuminate\\Http\\Response->setContent(Object(Illuminate\\View\\View))
#24 C:\\laragon\\www\\mboabuy\\vendor\\laravel\\framework\\src\\Illuminate\\Routing\\ResponseFactory.php(58): Illuminate\\Http\\Response->__construct(Object(Illuminate\\View\\View), 404, Array)
#25 C:\\laragon\\www\\mboabuy\\vendor\\laravel\\framework\\src\\Illuminate\\Routing\\ResponseFactory.php(88): Illuminate\\Routing\\ResponseFactory->make(Object(Illuminate\\View\\View), 404, Array)
#26 C:\\laragon\\www\\mboabuy\\vendor\\laravel\\framework\\src\\Illuminate\\Foundation\\Exceptions\\Handler.php(723): Illuminate\\Routing\\ResponseFactory->view('errors::404', Array, 404, Array)
#27 C:\\laragon\\www\\mboabuy\\vendor\\laravel\\framework\\src\\Illuminate\\Foundation\\Exceptions\\Handler.php(650): Illuminate\\Foundation\\Exceptions\\Handler->renderHttpException(Object(Symfony\\Component\\HttpKernel\\Exception\\NotFoundHttpException))
#28 C:\\laragon\\www\\mboabuy\\vendor\\laravel\\framework\\src\\Illuminate\\Foundation\\Exceptions\\Handler.php(556): Illuminate\\Foundation\\Exceptions\\Handler->prepareResponse(Object(Illuminate\\Http\\Request), Object(Symfony\\Component\\HttpKernel\\Exception\\NotFoundHttpException))
#29 C:\\laragon\\www\\mboabuy\\vendor\\laravel\\framework\\src\\Illuminate\\Foundation\\Exceptions\\Handler.php(473): Illuminate\\Foundation\\Exceptions\\Handler->renderExceptionResponse(Object(Illuminate\\Http\\Request), Object(Symfony\\Component\\HttpKernel\\Exception\\NotFoundHttpException))
#30 C:\\laragon\\www\\mboabuy\\app\\Exceptions\\Handler.php(55): Illuminate\\Foundation\\Exceptions\\Handler->render(Object(Illuminate\\Http\\Request), Object(Symfony\\Component\\HttpKernel\\Exception\\NotFoundHttpException))
#31 C:\\laragon\\www\\mboabuy\\vendor\\laravel\\framework\\src\\Illuminate\\Routing\\Pipeline.php(51): App\\Exceptions\\Handler->render(Object(Illuminate\\Http\\Request), Object(Symfony\\Component\\HttpKernel\\Exception\\NotFoundHttpException))
#32 C:\\laragon\\www\\mboabuy\\vendor\\laravel\\framework\\src\\Illuminate\\Pipeline\\Pipeline.php(146): Illuminate\\Routing\\Pipeline->handleException(Object(Illuminate\\Http\\Request), Object(Symfony\\Component\\HttpKernel\\Exception\\NotFoundHttpException))
#33 C:\\laragon\\www\\mboabuy\\vendor\\barryvdh\\laravel-debugbar\\src\\Middleware\\InjectDebugbar.php(59): Illuminate\\Pipeline\\Pipeline->Illuminate\\Pipeline\\{closure}(Object(Illuminate\\Http\\Request))
#34 C:\\laragon\\www\\mboabuy\\vendor\\laravel\\framework\\src\\Illuminate\\Pipeline\\Pipeline.php(183): Barryvdh\\Debugbar\\Middleware\\InjectDebugbar->handle(Object(Illuminate\\Http\\Request), Object(Closure))
#35 C:\\laragon\\www\\mboabuy\\vendor\\laravel\\framework\\src\\Illuminate\\View\\Middleware\\ShareErrorsFromSession.php(49): Illuminate\\Pipeline\\Pipeline->Illuminate\\Pipeline\\{closure}(Object(Illuminate\\Http\\Request))
#36 C:\\laragon\\www\\mboabuy\\vendor\\laravel\\framework\\src\\Illuminate\\Pipeline\\Pipeline.php(183): Illuminate\\View\\Middleware\\ShareErrorsFromSession->handle(Object(Illuminate\\Http\\Request), Object(Closure))
#37 C:\\laragon\\www\\mboabuy\\vendor\\laravel\\framework\\src\\Illuminate\\Session\\Middleware\\StartSession.php(121): Illuminate\\Pipeline\\Pipeline->Illuminate\\Pipeline\\{closure}(Object(Illuminate\\Http\\Request))
#38 C:\\laragon\\www\\mboabuy\\vendor\\laravel\\framework\\src\\Illuminate\\Session\\Middleware\\StartSession.php(64): Illuminate\\Session\\Middleware\\StartSession->handleStatefulRequest(Object(Illuminate\\Http\\Request), Object(Illuminate\\Session\\Store), Object(Closure))
#39 C:\\laragon\\www\\mboabuy\\vendor\\laravel\\framework\\src\\Illuminate\\Pipeline\\Pipeline.php(183): Illuminate\\Session\\Middleware\\StartSession->handle(Object(Illuminate\\Http\\Request), Object(Closure))
#40 C:\\laragon\\www\\mboabuy\\vendor\\laravel\\framework\\src\\Illuminate\\Http\\Middleware\\TrustProxies.php(39): Illuminate\\Pipeline\\Pipeline->Illuminate\\Pipeline\\{closure}(Object(Illuminate\\Http\\Request))
#41 C:\\laragon\\www\\mboabuy\\vendor\\laravel\\framework\\src\\Illuminate\\Pipeline\\Pipeline.php(183): Illuminate\\Http\\Middleware\\TrustProxies->handle(Object(Illuminate\\Http\\Request), Object(Closure))
#42 C:\\laragon\\www\\mboabuy\\vendor\\laravel\\framework\\src\\Illuminate\\Foundation\\Http\\Middleware\\TransformsRequest.php(21): Illuminate\\Pipeline\\Pipeline->Illuminate\\Pipeline\\{closure}(Object(Illuminate\\Http\\Request))
#43 C:\\laragon\\www\\mboabuy\\vendor\\laravel\\framework\\src\\Illuminate\\Foundation\\Http\\Middleware\\ConvertEmptyStringsToNull.php(31): Illuminate\\Foundation\\Http\\Middleware\\TransformsRequest->handle(Object(Illuminate\\Http\\Request), Object(Closure))
#44 C:\\laragon\\www\\mboabuy\\vendor\\laravel\\framework\\src\\Illuminate\\Pipeline\\Pipeline.php(183): Illuminate\\Foundation\\Http\\Middleware\\ConvertEmptyStringsToNull->handle(Object(Illuminate\\Http\\Request), Object(Closure))
#45 C:\\laragon\\www\\mboabuy\\vendor\\laravel\\framework\\src\\Illuminate\\Foundation\\Http\\Middleware\\TransformsRequest.php(21): Illuminate\\Pipeline\\Pipeline->Illuminate\\Pipeline\\{closure}(Object(Illuminate\\Http\\Request))
#46 C:\\laragon\\www\\mboabuy\\vendor\\laravel\\framework\\src\\Illuminate\\Foundation\\Http\\Middleware\\TrimStrings.php(40): Illuminate\\Foundation\\Http\\Middleware\\TransformsRequest->handle(Object(Illuminate\\Http\\Request), Object(Closure))
#47 C:\\laragon\\www\\mboabuy\\vendor\\laravel\\framework\\src\\Illuminate\\Pipeline\\Pipeline.php(183): Illuminate\\Foundation\\Http\\Middleware\\TrimStrings->handle(Object(Illuminate\\Http\\Request), Object(Closure))
#48 C:\\laragon\\www\\mboabuy\\vendor\\laravel\\framework\\src\\Illuminate\\Foundation\\Http\\Middleware\\ValidatePostSize.php(27): Illuminate\\Pipeline\\Pipeline->Illuminate\\Pipeline\\{closure}(Object(Illuminate\\Http\\Request))
#49 C:\\laragon\\www\\mboabuy\\vendor\\laravel\\framework\\src\\Illuminate\\Pipeline\\Pipeline.php(183): Illuminate\\Foundation\\Http\\Middleware\\ValidatePostSize->handle(Object(Illuminate\\Http\\Request), Object(Closure))
#50 C:\\laragon\\www\\mboabuy\\vendor\\laravel\\framework\\src\\Illuminate\\Pipeline\\Pipeline.php(119): Illuminate\\Pipeline\\Pipeline->Illuminate\\Pipeline\\{closure}(Object(Illuminate\\Http\\Request))
#51 C:\\laragon\\www\\mboabuy\\vendor\\laravel\\framework\\src\\Illuminate\\Foundation\\Http\\Kernel.php(175): Illuminate\\Pipeline\\Pipeline->then(Object(Closure))
#52 C:\\laragon\\www\\mboabuy\\vendor\\laravel\\framework\\src\\Illuminate\\Foundation\\Http\\Kernel.php(144): Illuminate\\Foundation\\Http\\Kernel->sendRequestThroughRouter(Object(Illuminate\\Http\\Request))
#53 C:\\laragon\\www\\mboabuy\\index.php(56): Illuminate\\Foundation\\Http\\Kernel->handle(Object(Illuminate\\Http\\Request))
#54 {main}

[previous exception] [object] (Illuminate\\Database\\QueryException(code: 42S02): SQLSTATE[42S02]: Base table or view not found: 1146 Table 'mboabuy.addons' doesn't exist (Connection: mysql, SQL: select * from `addons`) at C:\\laragon\\www\\mboabuy\\vendor\\laravel\\framework\\src\\Illuminate\\Database\\Connection.php:829)
[stacktrace]
#0 C:\\laragon\\www\\mboabuy\\vendor\\laravel\\framework\\src\\Illuminate\\Database\\Connection.php(783): Illuminate\\Database\\Connection->runQueryCallback('select * from `...', Array, Object(Closure))
#1 C:\\laragon\\www\\mboabuy\\vendor\\laravel\\framework\\src\\Illuminate\\Database\\Connection.php(414): Illuminate\\Database\\Connection->run('select * from `...', Array, Object(Closure))
#2 C:\\laragon\\www\\mboabuy\\vendor\\laravel\\framework\\src\\Illuminate\\Database\\Query\\Builder.php(2913): Illuminate\\Database\\Connection->select('select * from `...', Array, true)
#3 C:\\laragon\\www\\mboabuy\\vendor\\laravel\\framework\\src\\Illuminate\\Database\\Query\\Builder.php(2902): Illuminate\\Database\\Query\\Builder->runSelect()
#4 C:\\laragon\\www\\mboabuy\\vendor\\laravel\\framework\\src\\Illuminate\\Database\\Query\\Builder.php(3456): Illuminate\\Database\\Query\\Builder->Illuminate\\Database\\Query\\{closure}()
#5 C:\\laragon\\www\\mboabuy\\vendor\\laravel\\framework\\src\\Illuminate\\Database\\Query\\Builder.php(2901): Illuminate\\Database\\Query\\Builder->onceWithColumns(Array, Object(Closure))
#6 C:\\laragon\\www\\mboabuy\\vendor\\laravel\\framework\\src\\Illuminate\\Database\\Eloquent\\Builder.php(739): Illuminate\\Database\\Query\\Builder->get(Array)
#7 C:\\laragon\\www\\mboabuy\\vendor\\laravel\\framework\\src\\Illuminate\\Database\\Eloquent\\Builder.php(723): Illuminate\\Database\\Eloquent\\Builder->getModels(Array)
#8 C:\\laragon\\www\\mboabuy\\vendor\\laravel\\framework\\src\\Illuminate\\Database\\Eloquent\\Model.php(675): Illuminate\\Database\\Eloquent\\Builder->get(Array)
#9 C:\\laragon\\www\\mboabuy\\app\\Http\\Helpers.php(1688): Illuminate\\Database\\Eloquent\\Model::all()
#10 C:\\laragon\\www\\mboabuy\\vendor\\laravel\\framework\\src\\Illuminate\\Cache\\Repository.php(396): {closure}()
#11 C:\\laragon\\www\\mboabuy\\vendor\\laravel\\framework\\src\\Illuminate\\Cache\\CacheManager.php(429): Illuminate\\Cache\\Repository->remember('addons', 86400, Object(Closure))
#12 C:\\laragon\\www\\mboabuy\\vendor\\laravel\\framework\\src\\Illuminate\\Support\\Facades\\Facade.php(355): Illuminate\\Cache\\CacheManager->__call('remember', Array)
#13 C:\\laragon\\www\\mboabuy\\app\\Http\\Helpers.php(1687): Illuminate\\Support\\Facades\\Facade::__callStatic('remember', Array)
#14 C:\\laragon\\www\\mboabuy\\storage\\framework\\views\\02b4636940dabb07f92fef02f517d947.php(4): addon_is_activated('portfolio_syste...')
#15 C:\\laragon\\www\\mboabuy\\vendor\\laravel\\framework\\src\\Illuminate\\Filesystem\\Filesystem.php(123): require('C:\\\\laragon\\\\www\\\\...')
#16 C:\\laragon\\www\\mboabuy\\vendor\\laravel\\framework\\src\\Illuminate\\Filesystem\\Filesystem.php(124): Illuminate\\Filesystem\\Filesystem::Illuminate\\Filesystem\\{closure}()
#17 C:\\laragon\\www\\mboabuy\\vendor\\laravel\\framework\\src\\Illuminate\\View\\Engines\\PhpEngine.php(58): Illuminate\\Filesystem\\Filesystem->getRequire('C:\\\\laragon\\\\www\\\\...', Array)
#18 C:\\laragon\\www\\mboabuy\\vendor\\laravel\\framework\\src\\Illuminate\\View\\Engines\\CompilerEngine.php(72): Illuminate\\View\\Engines\\PhpEngine->evaluatePath('C:\\\\laragon\\\\www\\\\...', Array)
#19 C:\\laragon\\www\\mboabuy\\vendor\\laravel\\framework\\src\\Illuminate\\View\\View.php(207): Illuminate\\View\\Engines\\CompilerEngine->get('C:\\\\laragon\\\\www\\\\...', Array)
#20 C:\\laragon\\www\\mboabuy\\vendor\\laravel\\framework\\src\\Illuminate\\View\\View.php(190): Illuminate\\View\\View->getContents()
#21 C:\\laragon\\www\\mboabuy\\vendor\\laravel\\framework\\src\\Illuminate\\View\\View.php(159): Illuminate\\View\\View->renderContents()
#22 C:\\laragon\\www\\mboabuy\\vendor\\laravel\\framework\\src\\Illuminate\\Http\\Response.php(69): Illuminate\\View\\View->render()
#23 C:\\laragon\\www\\mboabuy\\vendor\\laravel\\framework\\src\\Illuminate\\Http\\Response.php(35): Illuminate\\Http\\Response->setContent(Object(Illuminate\\View\\View))
#24 C:\\laragon\\www\\mboabuy\\vendor\\laravel\\framework\\src\\Illuminate\\Routing\\ResponseFactory.php(58): Illuminate\\Http\\Response->__construct(Object(Illuminate\\View\\View), 404, Array)
#25 C:\\laragon\\www\\mboabuy\\vendor\\laravel\\framework\\src\\Illuminate\\Routing\\ResponseFactory.php(88): Illuminate\\Routing\\ResponseFactory->make(Object(Illuminate\\View\\View), 404, Array)
#26 C:\\laragon\\www\\mboabuy\\vendor\\laravel\\framework\\src\\Illuminate\\Foundation\\Exceptions\\Handler.php(723): Illuminate\\Routing\\ResponseFactory->view('errors::404', Array, 404, Array)
#27 C:\\laragon\\www\\mboabuy\\vendor\\laravel\\framework\\src\\Illuminate\\Foundation\\Exceptions\\Handler.php(650): Illuminate\\Foundation\\Exceptions\\Handler->renderHttpException(Object(Symfony\\Component\\HttpKernel\\Exception\\NotFoundHttpException))
#28 C:\\laragon\\www\\mboabuy\\vendor\\laravel\\framework\\src\\Illuminate\\Foundation\\Exceptions\\Handler.php(556): Illuminate\\Foundation\\Exceptions\\Handler->prepareResponse(Object(Illuminate\\Http\\Request), Object(Symfony\\Component\\HttpKernel\\Exception\\NotFoundHttpException))
#29 C:\\laragon\\www\\mboabuy\\vendor\\laravel\\framework\\src\\Illuminate\\Foundation\\Exceptions\\Handler.php(473): Illuminate\\Foundation\\Exceptions\\Handler->renderExceptionResponse(Object(Illuminate\\Http\\Request), Object(Symfony\\Component\\HttpKernel\\Exception\\NotFoundHttpException))
#30 C:\\laragon\\www\\mboabuy\\app\\Exceptions\\Handler.php(55): Illuminate\\Foundation\\Exceptions\\Handler->render(Object(Illuminate\\Http\\Request), Object(Symfony\\Component\\HttpKernel\\Exception\\NotFoundHttpException))
#31 C:\\laragon\\www\\mboabuy\\vendor\\laravel\\framework\\src\\Illuminate\\Routing\\Pipeline.php(51): App\\Exceptions\\Handler->render(Object(Illuminate\\Http\\Request), Object(Symfony\\Component\\HttpKernel\\Exception\\NotFoundHttpException))
#32 C:\\laragon\\www\\mboabuy\\vendor\\laravel\\framework\\src\\Illuminate\\Pipeline\\Pipeline.php(146): Illuminate\\Routing\\Pipeline->handleException(Object(Illuminate\\Http\\Request), Object(Symfony\\Component\\HttpKernel\\Exception\\NotFoundHttpException))
#33 C:\\laragon\\www\\mboabuy\\vendor\\barryvdh\\laravel-debugbar\\src\\Middleware\\InjectDebugbar.php(59): Illuminate\\Pipeline\\Pipeline->Illuminate\\Pipeline\\{closure}(Object(Illuminate\\Http\\Request))
#34 C:\\laragon\\www\\mboabuy\\vendor\\laravel\\framework\\src\\Illuminate\\Pipeline\\Pipeline.php(183): Barryvdh\\Debugbar\\Middleware\\InjectDebugbar->handle(Object(Illuminate\\Http\\Request), Object(Closure))
#35 C:\\laragon\\www\\mboabuy\\vendor\\laravel\\framework\\src\\Illuminate\\View\\Middleware\\ShareErrorsFromSession.php(49): Illuminate\\Pipeline\\Pipeline->Illuminate\\Pipeline\\{closure}(Object(Illuminate\\Http\\Request))
#36 C:\\laragon\\www\\mboabuy\\vendor\\laravel\\framework\\src\\Illuminate\\Pipeline\\Pipeline.php(183): Illuminate\\View\\Middleware\\ShareErrorsFromSession->handle(Object(Illuminate\\Http\\Request), Object(Closure))
#37 C:\\laragon\\www\\mboabuy\\vendor\\laravel\\framework\\src\\Illuminate\\Session\\Middleware\\StartSession.php(121): Illuminate\\Pipeline\\Pipeline->Illuminate\\Pipeline\\{closure}(Object(Illuminate\\Http\\Request))
#38 C:\\laragon\\www\\mboabuy\\vendor\\laravel\\framework\\src\\Illuminate\\Session\\Middleware\\StartSession.php(64): Illuminate\\Session\\Middleware\\StartSession->handleStatefulRequest(Object(Illuminate\\Http\\Request), Object(Illuminate\\Session\\Store), Object(Closure))
#39 C:\\laragon\\www\\mboabuy\\vendor\\laravel\\framework\\src\\Illuminate\\Pipeline\\Pipeline.php(183): Illuminate\\Session\\Middleware\\StartSession->handle(Object(Illuminate\\Http\\Request), Object(Closure))
#40 C:\\laragon\\www\\mboabuy\\vendor\\laravel\\framework\\src\\Illuminate\\Http\\Middleware\\TrustProxies.php(39): Illuminate\\Pipeline\\Pipeline->Illuminate\\Pipeline\\{closure}(Object(Illuminate\\Http\\Request))
#41 C:\\laragon\\www\\mboabuy\\vendor\\laravel\\framework\\src\\Illuminate\\Pipeline\\Pipeline.php(183): Illuminate\\Http\\Middleware\\TrustProxies->handle(Object(Illuminate\\Http\\Request), Object(Closure))
#42 C:\\laragon\\www\\mboabuy\\vendor\\laravel\\framework\\src\\Illuminate\\Foundation\\Http\\Middleware\\TransformsRequest.php(21): Illuminate\\Pipeline\\Pipeline->Illuminate\\Pipeline\\{closure}(Object(Illuminate\\Http\\Request))
#43 C:\\laragon\\www\\mboabuy\\vendor\\laravel\\framework\\src\\Illuminate\\Foundation\\Http\\Middleware\\ConvertEmptyStringsToNull.php(31): Illuminate\\Foundation\\Http\\Middleware\\TransformsRequest->handle(Object(Illuminate\\Http\\Request), Object(Closure))
#44 C:\\laragon\\www\\mboabuy\\vendor\\laravel\\framework\\src\\Illuminate\\Pipeline\\Pipeline.php(183): Illuminate\\Foundation\\Http\\Middleware\\ConvertEmptyStringsToNull->handle(Object(Illuminate\\Http\\Request), Object(Closure))
#45 C:\\laragon\\www\\mboabuy\\vendor\\laravel\\framework\\src\\Illuminate\\Foundation\\Http\\Middleware\\TransformsRequest.php(21): Illuminate\\Pipeline\\Pipeline->Illuminate\\Pipeline\\{closure}(Object(Illuminate\\Http\\Request))
#46 C:\\laragon\\www\\mboabuy\\vendor\\laravel\\framework\\src\\Illuminate\\Foundation\\Http\\Middleware\\TrimStrings.php(40): Illuminate\\Foundation\\Http\\Middleware\\TransformsRequest->handle(Object(Illuminate\\Http\\Request), Object(Closure))
#47 C:\\laragon\\www\\mboabuy\\vendor\\laravel\\framework\\src\\Illuminate\\Pipeline\\Pipeline.php(183): Illuminate\\Foundation\\Http\\Middleware\\TrimStrings->handle(Object(Illuminate\\Http\\Request), Object(Closure))
#48 C:\\laragon\\www\\mboabuy\\vendor\\laravel\\framework\\src\\Illuminate\\Foundation\\Http\\Middleware\\ValidatePostSize.php(27): Illuminate\\Pipeline\\Pipeline->Illuminate\\Pipeline\\{closure}(Object(Illuminate\\Http\\Request))
#49 C:\\laragon\\www\\mboabuy\\vendor\\laravel\\framework\\src\\Illuminate\\Pipeline\\Pipeline.php(183): Illuminate\\Foundation\\Http\\Middleware\\ValidatePostSize->handle(Object(Illuminate\\Http\\Request), Object(Closure))
#50 C:\\laragon\\www\\mboabuy\\vendor\\laravel\\framework\\src\\Illuminate\\Pipeline\\Pipeline.php(119): Illuminate\\Pipeline\\Pipeline->Illuminate\\Pipeline\\{closure}(Object(Illuminate\\Http\\Request))
#51 C:\\laragon\\www\\mboabuy\\vendor\\laravel\\framework\\src\\Illuminate\\Foundation\\Http\\Kernel.php(175): Illuminate\\Pipeline\\Pipeline->then(Object(Closure))
#52 C:\\laragon\\www\\mboabuy\\vendor\\laravel\\framework\\src\\Illuminate\\Foundation\\Http\\Kernel.php(144): Illuminate\\Foundation\\Http\\Kernel->sendRequestThroughRouter(Object(Illuminate\\Http\\Request))
#53 C:\\laragon\\www\\mboabuy\\index.php(56): Illuminate\\Foundation\\Http\\Kernel->handle(Object(Illuminate\\Http\\Request))
#54 {main}

[previous exception] [object] (PDOException(code: 42S02): SQLSTATE[42S02]: Base table or view not found: 1146 Table 'mboabuy.addons' doesn't exist at C:\\laragon\\www\\mboabuy\\vendor\\laravel\\framework\\src\\Illuminate\\Database\\Connection.php:423)
[stacktrace]
#0 C:\\laragon\\www\\mboabuy\\vendor\\laravel\\framework\\src\\Illuminate\\Database\\Connection.php(423): PDO->prepare('select * from `...')
#1 C:\\laragon\\www\\mboabuy\\vendor\\laravel\\framework\\src\\Illuminate\\Database\\Connection.php(816): Illuminate\\Database\\Connection->Illuminate\\Database\\{closure}('select * from `...', Array)
#2 C:\\laragon\\www\\mboabuy\\vendor\\laravel\\framework\\src\\Illuminate\\Database\\Connection.php(783): Illuminate\\Database\\Connection->runQueryCallback('select * from `...', Array, Object(Closure))
#3 C:\\laragon\\www\\mboabuy\\vendor\\laravel\\framework\\src\\Illuminate\\Database\\Connection.php(414): Illuminate\\Database\\Connection->run('select * from `...', Array, Object(Closure))
#4 C:\\laragon\\www\\mboabuy\\vendor\\laravel\\framework\\src\\Illuminate\\Database\\Query\\Builder.php(2913): Illuminate\\Database\\Connection->select('select * from `...', Array, true)
#5 C:\\laragon\\www\\mboabuy\\vendor\\laravel\\framework\\src\\Illuminate\\Database\\Query\\Builder.php(2902): Illuminate\\Database\\Query\\Builder->runSelect()
#6 C:\\laragon\\www\\mboabuy\\vendor\\laravel\\framework\\src\\Illuminate\\Database\\Query\\Builder.php(3456): Illuminate\\Database\\Query\\Builder->Illuminate\\Database\\Query\\{closure}()
#7 C:\\laragon\\www\\mboabuy\\vendor\\laravel\\framework\\src\\Illuminate\\Database\\Query\\Builder.php(2901): Illuminate\\Database\\Query\\Builder->onceWithColumns(Array, Object(Closure))
#8 C:\\laragon\\www\\mboabuy\\vendor\\laravel\\framework\\src\\Illuminate\\Database\\Eloquent\\Builder.php(739): Illuminate\\Database\\Query\\Builder->get(Array)
#9 C:\\laragon\\www\\mboabuy\\vendor\\laravel\\framework\\src\\Illuminate\\Database\\Eloquent\\Builder.php(723): Illuminate\\Database\\Eloquent\\Builder->getModels(Array)
#10 C:\\laragon\\www\\mboabuy\\vendor\\laravel\\framework\\src\\Illuminate\\Database\\Eloquent\\Model.php(675): Illuminate\\Database\\Eloquent\\Builder->get(Array)
#11 C:\\laragon\\www\\mboabuy\\app\\Http\\Helpers.php(1688): Illuminate\\Database\\Eloquent\\Model::all()
#12 C:\\laragon\\www\\mboabuy\\vendor\\laravel\\framework\\src\\Illuminate\\Cache\\Repository.php(396): {closure}()
#13 C:\\laragon\\www\\mboabuy\\vendor\\laravel\\framework\\src\\Illuminate\\Cache\\CacheManager.php(429): Illuminate\\Cache\\Repository->remember('addons', 86400, Object(Closure))
#14 C:\\laragon\\www\\mboabuy\\vendor\\laravel\\framework\\src\\Illuminate\\Support\\Facades\\Facade.php(355): Illuminate\\Cache\\CacheManager->__call('remember', Array)
#15 C:\\laragon\\www\\mboabuy\\app\\Http\\Helpers.php(1687): Illuminate\\Support\\Facades\\Facade::__callStatic('remember', Array)
#16 C:\\laragon\\www\\mboabuy\\storage\\framework\\views\\02b4636940dabb07f92fef02f517d947.php(4): addon_is_activated('portfolio_syste...')
#17 C:\\laragon\\www\\mboabuy\\vendor\\laravel\\framework\\src\\Illuminate\\Filesystem\\Filesystem.php(123): require('C:\\\\laragon\\\\www\\\\...')
#18 C:\\laragon\\www\\mboabuy\\vendor\\laravel\\framework\\src\\Illuminate\\Filesystem\\Filesystem.php(124): Illuminate\\Filesystem\\Filesystem::Illuminate\\Filesystem\\{closure}()
#19 C:\\laragon\\www\\mboabuy\\vendor\\laravel\\framework\\src\\Illuminate\\View\\Engines\\PhpEngine.php(58): Illuminate\\Filesystem\\Filesystem->getRequire('C:\\\\laragon\\\\www\\\\...', Array)
#20 C:\\laragon\\www\\mboabuy\\vendor\\laravel\\framework\\src\\Illuminate\\View\\Engines\\CompilerEngine.php(72): Illuminate\\View\\Engines\\PhpEngine->evaluatePath('C:\\\\laragon\\\\www\\\\...', Array)
#21 C:\\laragon\\www\\mboabuy\\vendor\\laravel\\framework\\src\\Illuminate\\View\\View.php(207): Illuminate\\View\\Engines\\CompilerEngine->get('C:\\\\laragon\\\\www\\\\...', Array)
#22 C:\\laragon\\www\\mboabuy\\vendor\\laravel\\framework\\src\\Illuminate\\View\\View.php(190): Illuminate\\View\\View->getContents()
#23 C:\\laragon\\www\\mboabuy\\vendor\\laravel\\framework\\src\\Illuminate\\View\\View.php(159): Illuminate\\View\\View->renderContents()
#24 C:\\laragon\\www\\mboabuy\\vendor\\laravel\\framework\\src\\Illuminate\\Http\\Response.php(69): Illuminate\\View\\View->render()
#25 C:\\laragon\\www\\mboabuy\\vendor\\laravel\\framework\\src\\Illuminate\\Http\\Response.php(35): Illuminate\\Http\\Response->setContent(Object(Illuminate\\View\\View))
#26 C:\\laragon\\www\\mboabuy\\vendor\\laravel\\framework\\src\\Illuminate\\Routing\\ResponseFactory.php(58): Illuminate\\Http\\Response->__construct(Object(Illuminate\\View\\View), 404, Array)
#27 C:\\laragon\\www\\mboabuy\\vendor\\laravel\\framework\\src\\Illuminate\\Routing\\ResponseFactory.php(88): Illuminate\\Routing\\ResponseFactory->make(Object(Illuminate\\View\\View), 404, Array)
#28 C:\\laragon\\www\\mboabuy\\vendor\\laravel\\framework\\src\\Illuminate\\Foundation\\Exceptions\\Handler.php(723): Illuminate\\Routing\\ResponseFactory->view('errors::404', Array, 404, Array)
#29 C:\\laragon\\www\\mboabuy\\vendor\\laravel\\framework\\src\\Illuminate\\Foundation\\Exceptions\\Handler.php(650): Illuminate\\Foundation\\Exceptions\\Handler->renderHttpException(Object(Symfony\\Component\\HttpKernel\\Exception\\NotFoundHttpException))
#30 C:\\laragon\\www\\mboabuy\\vendor\\laravel\\framework\\src\\Illuminate\\Foundation\\Exceptions\\Handler.php(556): Illuminate\\Foundation\\Exceptions\\Handler->prepareResponse(Object(Illuminate\\Http\\Request), Object(Symfony\\Component\\HttpKernel\\Exception\\NotFoundHttpException))
#31 C:\\laragon\\www\\mboabuy\\vendor\\laravel\\framework\\src\\Illuminate\\Foundation\\Exceptions\\Handler.php(473): Illuminate\\Foundation\\Exceptions\\Handler->renderExceptionResponse(Object(Illuminate\\Http\\Request), Object(Symfony\\Component\\HttpKernel\\Exception\\NotFoundHttpException))
#32 C:\\laragon\\www\\mboabuy\\app\\Exceptions\\Handler.php(55): Illuminate\\Foundation\\Exceptions\\Handler->render(Object(Illuminate\\Http\\Request), Object(Symfony\\Component\\HttpKernel\\Exception\\NotFoundHttpException))
#33 C:\\laragon\\www\\mboabuy\\vendor\\laravel\\framework\\src\\Illuminate\\Routing\\Pipeline.php(51): App\\Exceptions\\Handler->render(Object(Illuminate\\Http\\Request), Object(Symfony\\Component\\HttpKernel\\Exception\\NotFoundHttpException))
#34 C:\\laragon\\www\\mboabuy\\vendor\\laravel\\framework\\src\\Illuminate\\Pipeline\\Pipeline.php(146): Illuminate\\Routing\\Pipeline->handleException(Object(Illuminate\\Http\\Request), Object(Symfony\\Component\\HttpKernel\\Exception\\NotFoundHttpException))
#35 C:\\laragon\\www\\mboabuy\\vendor\\barryvdh\\laravel-debugbar\\src\\Middleware\\InjectDebugbar.php(59): Illuminate\\Pipeline\\Pipeline->Illuminate\\Pipeline\\{closure}(Object(Illuminate\\Http\\Request))
#36 C:\\laragon\\www\\mboabuy\\vendor\\laravel\\framework\\src\\Illuminate\\Pipeline\\Pipeline.php(183): Barryvdh\\Debugbar\\Middleware\\InjectDebugbar->handle(Object(Illuminate\\Http\\Request), Object(Closure))
#37 C:\\laragon\\www\\mboabuy\\vendor\\laravel\\framework\\src\\Illuminate\\View\\Middleware\\ShareErrorsFromSession.php(49): Illuminate\\Pipeline\\Pipeline->Illuminate\\Pipeline\\{closure}(Object(Illuminate\\Http\\Request))
#38 C:\\laragon\\www\\mboabuy\\vendor\\laravel\\framework\\src\\Illuminate\\Pipeline\\Pipeline.php(183): Illuminate\\View\\Middleware\\ShareErrorsFromSession->handle(Object(Illuminate\\Http\\Request), Object(Closure))
#39 C:\\laragon\\www\\mboabuy\\vendor\\laravel\\framework\\src\\Illuminate\\Session\\Middleware\\StartSession.php(121): Illuminate\\Pipeline\\Pipeline->Illuminate\\Pipeline\\{closure}(Object(Illuminate\\Http\\Request))
#40 C:\\laragon\\www\\mboabuy\\vendor\\laravel\\framework\\src\\Illuminate\\Session\\Middleware\\StartSession.php(64): Illuminate\\Session\\Middleware\\StartSession->handleStatefulRequest(Object(Illuminate\\Http\\Request), Object(Illuminate\\Session\\Store), Object(Closure))
#41 C:\\laragon\\www\\mboabuy\\vendor\\laravel\\framework\\src\\Illuminate\\Pipeline\\Pipeline.php(183): Illuminate\\Session\\Middleware\\StartSession->handle(Object(Illuminate\\Http\\Request), Object(Closure))
#42 C:\\laragon\\www\\mboabuy\\vendor\\laravel\\framework\\src\\Illuminate\\Http\\Middleware\\TrustProxies.php(39): Illuminate\\Pipeline\\Pipeline->Illuminate\\Pipeline\\{closure}(Object(Illuminate\\Http\\Request))
#43 C:\\laragon\\www\\mboabuy\\vendor\\laravel\\framework\\src\\Illuminate\\Pipeline\\Pipeline.php(183): Illuminate\\Http\\Middleware\\TrustProxies->handle(Object(Illuminate\\Http\\Request), Object(Closure))
#44 C:\\laragon\\www\\mboabuy\\vendor\\laravel\\framework\\src\\Illuminate\\Foundation\\Http\\Middleware\\TransformsRequest.php(21): Illuminate\\Pipeline\\Pipeline->Illuminate\\Pipeline\\{closure}(Object(Illuminate\\Http\\Request))
#45 C:\\laragon\\www\\mboabuy\\vendor\\laravel\\framework\\src\\Illuminate\\Foundation\\Http\\Middleware\\ConvertEmptyStringsToNull.php(31): Illuminate\\Foundation\\Http\\Middleware\\TransformsRequest->handle(Object(Illuminate\\Http\\Request), Object(Closure))
#46 C:\\laragon\\www\\mboabuy\\vendor\\laravel\\framework\\src\\Illuminate\\Pipeline\\Pipeline.php(183): Illuminate\\Foundation\\Http\\Middleware\\ConvertEmptyStringsToNull->handle(Object(Illuminate\\Http\\Request), Object(Closure))
#47 C:\\laragon\\www\\mboabuy\\vendor\\laravel\\framework\\src\\Illuminate\\Foundation\\Http\\Middleware\\TransformsRequest.php(21): Illuminate\\Pipeline\\Pipeline->Illuminate\\Pipeline\\{closure}(Object(Illuminate\\Http\\Request))
#48 C:\\laragon\\www\\mboabuy\\vendor\\laravel\\framework\\src\\Illuminate\\Foundation\\Http\\Middleware\\TrimStrings.php(40): Illuminate\\Foundation\\Http\\Middleware\\TransformsRequest->handle(Object(Illuminate\\Http\\Request), Object(Closure))
#49 C:\\laragon\\www\\mboabuy\\vendor\\laravel\\framework\\src\\Illuminate\\Pipeline\\Pipeline.php(183): Illuminate\\Foundation\\Http\\Middleware\\TrimStrings->handle(Object(Illuminate\\Http\\Request), Object(Closure))
#50 C:\\laragon\\www\\mboabuy\\vendor\\laravel\\framework\\src\\Illuminate\\Foundation\\Http\\Middleware\\ValidatePostSize.php(27): Illuminate\\Pipeline\\Pipeline->Illuminate\\Pipeline\\{closure}(Object(Illuminate\\Http\\Request))
#51 C:\\laragon\\www\\mboabuy\\vendor\\laravel\\framework\\src\\Illuminate\\Pipeline\\Pipeline.php(183): Illuminate\\Foundation\\Http\\Middleware\\ValidatePostSize->handle(Object(Illuminate\\Http\\Request), Object(Closure))
#52 C:\\laragon\\www\\mboabuy\\vendor\\laravel\\framework\\src\\Illuminate\\Pipeline\\Pipeline.php(119): Illuminate\\Pipeline\\Pipeline->Illuminate\\Pipeline\\{closure}(Object(Illuminate\\Http\\Request))
#53 C:\\laragon\\www\\mboabuy\\vendor\\laravel\\framework\\src\\Illuminate\\Foundation\\Http\\Kernel.php(175): Illuminate\\Pipeline\\Pipeline->then(Object(Closure))
#54 C:\\laragon\\www\\mboabuy\\vendor\\laravel\\framework\\src\\Illuminate\\Foundation\\Http\\Kernel.php(144): Illuminate\\Foundation\\Http\\Kernel->sendRequestThroughRouter(Object(Illuminate\\Http\\Request))
#55 C:\\laragon\\www\\mboabuy\\index.php(56): Illuminate\\Foundation\\Http\\Kernel->handle(Object(Illuminate\\Http\\Request))
#56 {main}
"} 
[2026-08-04 02:19:26] local.ERROR: Cache store [cookie] is not defined. {"userId":9,"exception":"[object] (InvalidArgumentException(code: 0): Cache store [cookie] is not defined. at C:\\laragon\\www\\mboabuy\\vendor\\laravel\\framework\\src\\Illuminate\\Cache\\CacheManager.php:88)
[stacktrace]
#0 C:\\laragon\\www\\mboabuy\\vendor\\laravel\\framework\\src\\Illuminate\\Cache\\CacheManager.php(61): Illuminate\\Cache\\CacheManager->resolve('cookie')
#1 C:\\laragon\\www\\mboabuy\\vendor\\spatie\\laravel-permission\\src\\PermissionRegistrar.php(96): Illuminate\\Cache\\CacheManager->store()
#2 C:\\laragon\\www\\mboabuy\\vendor\\spatie\\laravel-permission\\src\\PermissionRegistrar.php(85): Spatie\\Permission\\PermissionRegistrar->getCacheStoreFromConfig()
#3 C:\\laragon\\www\\mboabuy\\vendor\\spatie\\laravel-permission\\src\\PermissionRegistrar.php(70): Spatie\\Permission\\PermissionRegistrar->initializeCache()
#4 [internal function]: Spatie\\Permission\\PermissionRegistrar->__construct(Object(Illuminate\\Cache\\CacheManager))
#5 C:\\laragon\\www\\mboabuy\\vendor\\laravel\\framework\\src\\Illuminate\\Container\\Container.php(952): ReflectionClass->newInstanceArgs(Array)
#6 C:\\laragon\\www\\mboabuy\\vendor\\laravel\\framework\\src\\Illuminate\\Container\\Container.php(795): Illuminate\\Container\\Container->build('Spatie\\\\Permissi...')
#7 C:\\laragon\\www\\mboabuy\\vendor\\laravel\\framework\\src\\Illuminate\\Foundation\\Application.php(963): Illuminate\\Container\\Container->resolve('Spatie\\\\Permissi...', Array, true)
#8 C:\\laragon\\www\\mboabuy\\vendor\\laravel\\framework\\src\\Illuminate\\Container\\Container.php(731): Illuminate\\Foundation\\Application->resolve('Spatie\\\\Permissi...', Array)
#9 C:\\laragon\\www\\mboabuy\\vendor\\laravel\\framework\\src\\Illuminate\\Foundation\\Application.php(948): Illuminate\\Container\\Container->make('Spatie\\\\Permissi...', Array)
#10 C:\\laragon\\www\\mboabuy\\vendor\\laravel\\framework\\src\\Illuminate\\Container\\BoundMethod.php(181): Illuminate\\Foundation\\Application->make('Spatie\\\\Permissi...')
#11 C:\\laragon\\www\\mboabuy\\vendor\\laravel\\framework\\src\\Illuminate\\Container\\BoundMethod.php(124): Illuminate\\Container\\BoundMethod::addDependencyForCallParameter(Object(Illuminate\\Foundation\\Application), Object(ReflectionParameter), Array, Array)
#12 C:\\laragon\\www\\mboabuy\\vendor\\laravel\\framework\\src\\Illuminate\\Container\\BoundMethod.php(36): Illuminate\\Container\\BoundMethod::getMethodDependencies(Object(Illuminate\\Foundation\\Application), Array, Array)
#13 C:\\laragon\\www\\mboabuy\\vendor\\laravel\\framework\\src\\Illuminate\\Container\\Util.php(41): Illuminate\\Container\\BoundMethod::Illuminate\\Container\\{closure}()
#14 C:\\laragon\\www\\mboabuy\\vendor\\laravel\\framework\\src\\Illuminate\\Container\\BoundMethod.php(93): Illuminate\\Container\\Util::unwrapIfClosure(Object(Closure))
#15 C:\\laragon\\www\\mboabuy\\vendor\\laravel\\framework\\src\\Illuminate\\Container\\BoundMethod.php(35): Illuminate\\Container\\BoundMethod::callBoundMethod(Object(Illuminate\\Foundation\\Application), Array, Object(Closure))
#16 C:\\laragon\\www\\mboabuy\\vendor\\laravel\\framework\\src\\Illuminate\\Container\\Container.php(662): Illuminate\\Container\\BoundMethod::call(Object(Illuminate\\Foundation\\Application), Array, Array, NULL)
#17 C:\\laragon\\www\\mboabuy\\vendor\\laravel\\framework\\src\\Illuminate\\Foundation\\Application.php(1036): Illuminate\\Container\\Container->call(Array)
#18 C:\\laragon\\www\\mboabuy\\vendor\\laravel\\framework\\src\\Illuminate\\Foundation\\Application.php(1017): Illuminate\\Foundation\\Application->bootProvider(Object(Spatie\\Permission\\PermissionServiceProvider))
#19 [internal function]: Illuminate\\Foundation\\Application->Illuminate\\Foundation\\{closure}(Object(Spatie\\Permission\\PermissionServiceProvider), 37)
#20 C:\\laragon\\www\\mboabuy\\vendor\\laravel\\framework\\src\\Illuminate\\Foundation\\Application.php(1016): array_walk(Array, Object(Closure))
#21 C:\\laragon\\www\\mboabuy\\vendor\\laravel\\framework\\src\\Illuminate\\Foundation\\Bootstrap\\BootProviders.php(17): Illuminate\\Foundation\\Application->boot()
#22 C:\\laragon\\www\\mboabuy\\vendor\\laravel\\framework\\src\\Illuminate\\Foundation\\Application.php(263): Illuminate\\Foundation\\Bootstrap\\BootProviders->bootstrap(Object(Illuminate\\Foundation\\Application))
#23 C:\\laragon\\www\\mboabuy\\vendor\\laravel\\framework\\src\\Illuminate\\Foundation\\Http\\Kernel.php(186): Illuminate\\Foundation\\Application->bootstrapWith(Array)
#24 C:\\laragon\\www\\mboabuy\\vendor\\laravel\\framework\\src\\Illuminate\\Foundation\\Http\\Kernel.php(170): Illuminate\\Foundation\\Http\\Kernel->bootstrap()
#25 C:\\laragon\\www\\mboabuy\\vendor\\laravel\\framework\\src\\Illuminate\\Foundation\\Http\\Kernel.php(144): Illuminate\\Foundation\\Http\\Kernel->sendRequestThroughRouter(Object(Illuminate\\Http\\Request))
#26 C:\\laragon\\www\\mboabuy\\index.php(56): Illuminate\\Foundation\\Http\\Kernel->handle(Object(Illuminate\\Http\\Request))
#27 {main}
"} 
[2026-08-04 02:19:27] local.ERROR: Cache store [cookie] is not defined. {"view":{"view":"C:\\laragon\\www\\mboabuy\\resources\\views\\errors\\500.blade.php","data":{"errors":"<pre class=sf-dump id=sf-dump-625628345 data-indent-pad=\"  \"><span class=sf-dump-note>Illuminate\\Support\\ViewErrorBag</span> {<a class=sf-dump-ref>#1352</a><samp data-depth=1 class=sf-dump-expanded>
  #<span class=sf-dump-protected title=\"Protected property\">bags</span>: []
</samp>}
</pre><script>Sfdump(\"sf-dump-625628345\", {\"maxDepth\":3,\"maxStringLength\":160})</script>
","exception":"<pre class=sf-dump id=sf-dump-649048786 data-indent-pad=\"  \"><span class=sf-dump-note>Symfony\\Component\\HttpKernel\\Exception\\HttpException</span> {<a class=sf-dump-ref>#1346</a><samp data-depth=1 class=sf-dump-expanded>
  #<span class=sf-dump-protected title=\"Protected property\">message</span>: \"<span class=sf-dump-str title=\"36 characters\">Cache store [cookie] is not defined.</span>\"
  #<span class=sf-dump-protected title=\"Protected property\">code</span>: <span class=sf-dump-num>0</span>
  #<span class=sf-dump-protected title=\"Protected property\">file</span>: \"<span class=sf-dump-str title=\"C:\\laragon\\www\\mboabuy\\vendor\\laravel\\framework\\src\\Illuminate\\Foundation\\Exceptions\\Handler.php
96 characters\"><span class=\"sf-dump-ellipsis sf-dump-ellipsis-path\">C:\\laragon\\www\\mboabuy\\vendor</span><span class=\"sf-dump-ellipsis sf-dump-ellipsis-path\">\\laravel\\framework\\</span>src\\Illuminate\\Foundation\\Exceptions\\Handler.php</span>\"
  #<span class=sf-dump-protected title=\"Protected property\">line</span>: <span class=sf-dump-num>646</span>
  -<span class=sf-dump-private title=\"Private property defined in class:&#10;`Exception`\">previous</span>: <span class=sf-dump-note>InvalidArgumentException</span> {<a class=sf-dump-ref href=#sf-dump-649048786-ref2347 title=\"6 occurrences\">#347</a><samp data-depth=2 id=sf-dump-649048786-ref2347 class=sf-dump-compact>
    #<span class=sf-dump-protected title=\"Protected property\">message</span>: \"<span class=sf-dump-str title=\"36 characters\">Cache store [cookie] is not defined.</span>\"
    #<span class=sf-dump-protected title=\"Protected property\">code</span>: <span class=sf-dump-num>0</span>
    #<span class=sf-dump-protected title=\"Protected property\">file</span>: \"<span class=sf-dump-str title=\"C:\\laragon\\www\\mboabuy\\vendor\\laravel\\framework\\src\\Illuminate\\Cache\\CacheManager.php
85 characters\"><span class=\"sf-dump-ellipsis sf-dump-ellipsis-path\">C:\\laragon\\www\\mboabuy\\vendor</span><span class=\"sf-dump-ellipsis sf-dump-ellipsis-path\">\\laravel\\framework\\</span>src\\Illuminate\\Cache\\CacheManager.php</span>\"
    #<span class=sf-dump-protected title=\"Protected property\">line</span>: <span class=sf-dump-num>88</span>
    <span class=sf-dump-meta>trace</span>: {<samp data-depth=3 class=sf-dump-compact>
      <span class=sf-dump-meta title=\"C:\\laragon\\www\\mboabuy\\vendor\\laravel\\framework\\src\\Illuminate\\Cache\\CacheManager.php:88
Stack level 28.\"><span class=\"sf-dump-ellipsis sf-dump-ellipsis-path\">C:\\laragon\\www\\mboabuy\\vendor</span><span class=\"sf-dump-ellipsis sf-dump-ellipsis-path\">\\laravel\\framework\\</span>src\\Illuminate\\Cache\\CacheManager.php:88</span> { &#8230;4}
      <span class=sf-dump-meta title=\"C:\\laragon\\www\\mboabuy\\vendor\\laravel\\framework\\src\\Illuminate\\Cache\\CacheManager.php:61
Stack level 27.\"><span class=\"sf-dump-ellipsis sf-dump-ellipsis-path\">C:\\laragon\\www\\mboabuy\\vendor</span><span class=\"sf-dump-ellipsis sf-dump-ellipsis-path\">\\laravel\\framework\\</span>src\\Illuminate\\Cache\\CacheManager.php:61</span> { &#8230;5}
      <span class=sf-dump-meta title=\"C:\\laragon\\www\\mboabuy\\vendor\\spatie\\laravel-permission\\src\\PermissionRegistrar.php:96
Stack level 26.\"><span class=\"sf-dump-ellipsis sf-dump-ellipsis-path\">C:\\laragon\\www\\mboabuy\\vendor</span><span class=\"sf-dump-ellipsis sf-dump-ellipsis-path\">\\spatie\\laravel-permission\\</span>src\\PermissionRegistrar.php:96</span> { &#8230;4}
      <span class=sf-dump-meta title=\"C:\\laragon\\www\\mboabuy\\vendor\\spatie\\laravel-permission\\src\\PermissionRegistrar.php:85
Stack level 25.\"><span class=\"sf-dump-ellipsis sf-dump-ellipsis-path\">C:\\laragon\\www\\mboabuy\\vendor</span><span class=\"sf-dump-ellipsis sf-dump-ellipsis-path\">\\spatie\\laravel-permission\\</span>src\\PermissionRegistrar.php:85</span> { &#8230;4}
      <span class=sf-dump-meta title=\"C:\\laragon\\www\\mboabuy\\vendor\\spatie\\laravel-permission\\src\\PermissionRegistrar.php:70
Stack level 24.\"><span class=\"sf-dump-ellipsis sf-dump-ellipsis-path\">C:\\laragon\\www\\mboabuy\\vendor</span><span class=\"sf-dump-ellipsis sf-dump-ellipsis-path\">\\spatie\\laravel-permission\\</span>src\\PermissionRegistrar.php:70</span> { &#8230;4}
      <span class=sf-dump-meta title=\"Spatie\\Permission\\PermissionRegistrar-&gt;__construct()
Stack level 23.\"><span class=\"sf-dump-ellipsis sf-dump-ellipsis-class\">Spatie\\Permission</span><span class=\"sf-dump-ellipsis sf-dump-ellipsis-class\">\\</span>PermissionRegistrar-&gt;__construct()</span> {}
      <span class=sf-dump-meta title=\"C:\\laragon\\www\\mboabuy\\vendor\\laravel\\framework\\src\\Illuminate\\Container\\Container.php:952
Stack level 22.\"><span class=\"sf-dump-ellipsis sf-dump-ellipsis-path\">C:\\laragon\\www\\mboabuy\\vendor</span><span class=\"sf-dump-ellipsis sf-dump-ellipsis-path\">\\laravel\\framework\\</span>src\\Illuminate\\Container\\Container.php:952</span> { &#8230;5}
      <span class=sf-dump-meta title=\"C:\\laragon\\www\\mboabuy\\vendor\\laravel\\framework\\src\\Illuminate\\Container\\Container.php:795
Stack level 21.\"><span class=\"sf-dump-ellipsis sf-dump-ellipsis-path\">C:\\laragon\\www\\mboabuy\\vendor</span><span class=\"sf-dump-ellipsis sf-dump-ellipsis-path\">\\laravel\\framework\\</span>src\\Illuminate\\Container\\Container.php:795</span> { &#8230;5}
      <span class=sf-dump-meta title=\"C:\\laragon\\www\\mboabuy\\vendor\\laravel\\framework\\src\\Illuminate\\Foundation\\Application.php:963
Stack level 20.\"><span class=\"sf-dump-ellipsis sf-dump-ellipsis-path\">C:\\laragon\\www\\mboabuy\\vendor</span><span class=\"sf-dump-ellipsis sf-dump-ellipsis-path\">\\laravel\\framework\\</span>src\\Illuminate\\Foundation\\Application.php:963</span> { &#8230;5}
      <span class=sf-dump-meta title=\"C:\\laragon\\www\\mboabuy\\vendor\\laravel\\framework\\src\\Illuminate\\Container\\Container.php:731
Stack level 19.\"><span class=\"sf-dump-ellipsis sf-dump-ellipsis-path\">C:\\laragon\\www\\mboabuy\\vendor</span><span class=\"sf-dump-ellipsis sf-dump-ellipsis-path\">\\laravel\\framework\\</span>src\\Illuminate\\Container\\Container.php:731</span> { &#8230;5}
      <span class=sf-dump-meta title=\"C:\\laragon\\www\\mboabuy\\vendor\\laravel\\framework\\src\\Illuminate\\Foundation\\Application.php:948
Stack level 18.\"><span class=\"sf-dump-ellipsis sf-dump-ellipsis-path\">C:\\laragon\\www\\mboabuy\\vendor</span><span class=\"sf-dump-ellipsis sf-dump-ellipsis-path\">\\laravel\\framework\\</span>src\\Illuminate\\Foundation\\Application.php:948</span> { &#8230;5}
      <span class=sf-dump-meta title=\"C:\\laragon\\www\\mboabuy\\vendor\\laravel\\framework\\src\\Illuminate\\Container\\BoundMethod.php:181
Stack level 17.\"><span class=\"sf-dump-ellipsis sf-dump-ellipsis-path\">C:\\laragon\\www\\mboabuy\\vendor</span><span class=\"sf-dump-ellipsis sf-dump-ellipsis-path\">\\laravel\\framework\\</span>src\\Illuminate\\Container\\BoundMethod.php:181</span> { &#8230;5}
      <span class=sf-dump-meta title=\"C:\\laragon\\www\\mboabuy\\vendor\\laravel\\framework\\src\\Illuminate\\Container\\BoundMethod.php:124
Stack level 16.\"><span class=\"sf-dump-ellipsis sf-dump-ellipsis-path\">C:\\laragon\\www\\mboabuy\\vendor</span><span class=\"sf-dump-ellipsis sf-dump-ellipsis-path\">\\laravel\\framework\\</span>src\\Illuminate\\Container\\BoundMethod.php:124</span> { &#8230;5}
      <span class=sf-dump-meta title=\"C:\\laragon\\www\\mboabuy\\vendor\\laravel\\framework\\src\\Illuminate\\Container\\BoundMethod.php:36
Stack level 15.\"><span class=\"sf-dump-ellipsis sf-dump-ellipsis-path\">C:\\laragon\\www\\mboabuy\\vendor</span><span class=\"sf-dump-ellipsis sf-dump-ellipsis-path\">\\laravel\\framework\\</span>src\\Illuminate\\Container\\BoundMethod.php:36</span> { &#8230;5}
      <span class=sf-dump-meta title=\"C:\\laragon\\www\\mboabuy\\vendor\\laravel\\framework\\src\\Illuminate\\Container\\Util.php:41
Stack level 14.\"><span class=\"sf-dump-ellipsis sf-dump-ellipsis-path\">C:\\laragon\\www\\mboabuy\\vendor</span><span class=\"sf-dump-ellipsis sf-dump-ellipsis-path\">\\laravel\\framework\\</span>src\\Illuminate\\Container\\Util.php:41</span> { &#8230;4}
      <span class=sf-dump-meta title=\"C:\\laragon\\www\\mboabuy\\vendor\\laravel\\framework\\src\\Illuminate\\Container\\BoundMethod.php:93
Stack level 13.\"><span class=\"sf-dump-ellipsis sf-dump-ellipsis-path\">C:\\laragon\\www\\mboabuy\\vendor</span><span class=\"sf-dump-ellipsis sf-dump-ellipsis-path\">\\laravel\\framework\\</span>src\\Illuminate\\Container\\BoundMethod.php:93</span> { &#8230;5}
      <span class=sf-dump-meta title=\"C:\\laragon\\www\\mboabuy\\vendor\\laravel\\framework\\src\\Illuminate\\Container\\BoundMethod.php:35
Stack level 12.\"><span class=\"sf-dump-ellipsis sf-dump-ellipsis-path\">C:\\laragon\\www\\mboabuy\\vendor</span><span class=\"sf-dump-ellipsis sf-dump-ellipsis-path\">\\laravel\\framework\\</span>src\\Illuminate\\Container\\BoundMethod.php:35</span> { &#8230;5}
      <span class=sf-dump-meta title=\"C:\\laragon\\www\\mboabuy\\vendor\\laravel\\framework\\src\\Illuminate\\Container\\Container.php:662
Stack level 11.\"><span class=\"sf-dump-ellipsis sf-dump-ellipsis-path\">C:\\laragon\\www\\mboabuy\\vendor</span><span class=\"sf-dump-ellipsis sf-dump-ellipsis-path\">\\laravel\\framework\\</span>src\\Illuminate\\Container\\Container.php:662</span> { &#8230;5}
      <span class=sf-dump-meta title=\"C:\\laragon\\www\\mboabuy\\vendor\\laravel\\framework\\src\\Illuminate\\Foundation\\Application.php:1036
Stack level 10.\"><span class=\"sf-dump-ellipsis sf-dump-ellipsis-path\">C:\\laragon\\www\\mboabuy\\vendor</span><span class=\"sf-dump-ellipsis sf-dump-ellipsis-path\">\\laravel\\framework\\</span>src\\Illuminate\\Foundation\\Application.php:1036</span> { &#8230;5}
      <span class=sf-dump-meta title=\"C:\\laragon\\www\\mboabuy\\vendor\\laravel\\framework\\src\\Illuminate\\Foundation\\Application.php:1017
Stack level 9.\"><span class=\"sf-dump-ellipsis sf-dump-ellipsis-path\">C:\\laragon\\www\\mboabuy\\vendor</span><span class=\"sf-dump-ellipsis sf-dump-ellipsis-path\">\\laravel\\framework\\</span>src\\Illuminate\\Foundation\\Application.php:1017</span> { &#8230;5}
      <span class=sf-dump-meta title=\"Illuminate\\Foundation\\Application-&gt;Illuminate\\Foundation\\{closure}()
Stack level 8.\"><span class=\"sf-dump-ellipsis sf-dump-ellipsis-class\">Illuminate\\Foundation\\Application-&gt;Illuminate\\Foundation</span><span class=\"sf-dump-ellipsis sf-dump-ellipsis-class\">\\</span>{closure}()</span> {}
      <span class=sf-dump-meta title=\"C:\\laragon\\www\\mboabuy\\vendor\\laravel\\framework\\src\\Illuminate\\Foundation\\Application.php:1016
Stack level 7.\"><span class=\"sf-dump-ellipsis sf-dump-ellipsis-path\">C:\\laragon\\www\\mboabuy\\vendor</span><span class=\"sf-dump-ellipsis sf-dump-ellipsis-path\">\\laravel\\framework\\</span>src\\Illuminate\\Foundation\\Application.php:1016</span> { &#8230;5}
      <span class=sf-dump-meta title=\"C:\\laragon\\www\\mboabuy\\vendor\\laravel\\framework\\src\\Illuminate\\Foundation\\Bootstrap\\BootProviders.php:17
Stack level 6.\"><span class=\"sf-dump-ellipsis sf-dump-ellipsis-path\">C:\\laragon\\www\\mboabuy\\vendor</span><span class=\"sf-dump-ellipsis sf-dump-ellipsis-path\">\\laravel\\framework\\</span>src\\Illuminate\\Foundation\\Bootstrap\\BootProviders.php:17</span> { &#8230;4}
      <span class=sf-dump-meta title=\"C:\\laragon\\www\\mboabuy\\vendor\\laravel\\framework\\src\\Illuminate\\Foundation\\Application.php:263
Stack level 5.\"><span class=\"sf-dump-ellipsis sf-dump-ellipsis-path\">C:\\laragon\\www\\mboabuy\\vendor</span><span class=\"sf-dump-ellipsis sf-dump-ellipsis-path\">\\laravel\\framework\\</span>src\\Illuminate\\Foundation\\Application.php:263</span> { &#8230;5}
      <span class=sf-dump-meta title=\"C:\\laragon\\www\\mboabuy\\vendor\\laravel\\framework\\src\\Illuminate\\Foundation\\Http\\Kernel.php:186
Stack level 4.\"><span class=\"sf-dump-ellipsis sf-dump-ellipsis-path\">C:\\laragon\\www\\mboabuy\\vendor</span><span class=\"sf-dump-ellipsis sf-dump-ellipsis-path\">\\laravel\\framework\\</span>src\\Illuminate\\Foundation\\Http\\Kernel.php:186</span> { &#8230;5}
      <span class=sf-dump-meta title=\"C:\\laragon\\www\\mboabuy\\vendor\\laravel\\framework\\src\\Illuminate\\Foundation\\Http\\Kernel.php:170
Stack level 3.\"><span class=\"sf-dump-ellipsis sf-dump-ellipsis-path\">C:\\laragon\\www\\mboabuy\\vendor</span><span class=\"sf-dump-ellipsis sf-dump-ellipsis-path\">\\laravel\\framework\\</span>src\\Illuminate\\Foundation\\Http\\Kernel.php:170</span> { &#8230;4}
      <span class=sf-dump-meta title=\"C:\\laragon\\www\\mboabuy\\vendor\\laravel\\framework\\src\\Illuminate\\Foundation\\Http\\Kernel.php:144
Stack level 2.\"><span class=\"sf-dump-ellipsis sf-dump-ellipsis-path\">C:\\laragon\\www\\mboabuy\\vendor</span><span class=\"sf-dump-ellipsis sf-dump-ellipsis-path\">\\laravel\\framework\\</span>src\\Illuminate\\Foundation\\Http\\Kernel.php:144</span> { &#8230;5}
      <span class=sf-dump-meta title=\"C:\\laragon\\www\\mboabuy\\index.php:56
Stack level 1.\"><span class=\"sf-dump-ellipsis sf-dump-ellipsis-path\">C:\\laragon\\www\\mboabuy</span><span class=\"sf-dump-ellipsis sf-dump-ellipsis-path\">\\</span>index.php:56</span> { &#8230;4}
    </samp>}
  </samp>}
  -<span class=sf-dump-private title=\"Private property defined in class:&#10;`Symfony\\Component\\HttpKernel\\Exception\\HttpException`\">statusCode</span>: <span class=sf-dump-num>500</span>
  -<span class=sf-dump-private title=\"Private property defined in class:&#10;`Symfony\\Component\\HttpKernel\\Exception\\HttpException`\">headers</span>: []
  <span class=sf-dump-meta>trace</span>: {<samp data-depth=2 class=sf-dump-compact>
    <span class=sf-dump-meta title=\"C:\\laragon\\www\\mboabuy\\vendor\\laravel\\framework\\src\\Illuminate\\Foundation\\Exceptions\\Handler.php:646
Stack level 7.\"><span class=\"sf-dump-ellipsis sf-dump-ellipsis-path\">C:\\laragon\\www\\mboabuy\\vendor</span><span class=\"sf-dump-ellipsis sf-dump-ellipsis-path\">\\laravel\\framework\\</span>src\\Illuminate\\Foundation\\Exceptions\\Handler.php:646</span> {<samp data-depth=3 class=sf-dump-compact>
      <span class=sf-dump-note title=\"Illuminate\\Foundation\\Exceptions\\Handler-&gt;prepareResponse($request, Throwable $e)
\"><span class=\"sf-dump-ellipsis sf-dump-ellipsis-note\">Illuminate\\Foundation\\Exceptions</span><span class=\"sf-dump-ellipsis sf-dump-ellipsis-note\">\\</span>Handler-&gt;prepareResponse($request, Throwable $e)</span> &#8230;
      &#8250; <code class=\"php\"><span class=sf-dump-default>if (! $this-&gt;isHttpException($e)) {</span></code>
      &#8250; <code class=\"php\"><span class=sf-dump-const title=\"in Illuminate\\Foundation\\Exceptions\\Handler-&gt;prepareResponse($request, Throwable $e)\">    $e = new HttpException(500, $e-&gt;getMessage(), $e);</span></code>
      &#8250; <code class=\"php\"><span class=sf-dump-default>}</span></code>
    </samp>}
    <span class=sf-dump-meta title=\"C:\\laragon\\www\\mboabuy\\vendor\\laravel\\framework\\src\\Illuminate\\Foundation\\Exceptions\\Handler.php:556
Stack level 6.\"><span class=\"sf-dump-ellipsis sf-dump-ellipsis-path\">C:\\laragon\\www\\mboabuy\\vendor</span><span class=\"sf-dump-ellipsis sf-dump-ellipsis-path\">\\laravel\\framework\\</span>src\\Illuminate\\Foundation\\Exceptions\\Handler.php:556</span> {<samp data-depth=3 class=sf-dump-compact>
      <span class=sf-dump-note title=\"Illuminate\\Foundation\\Exceptions\\Handler-&gt;renderExceptionResponse($request, Throwable $e)
\"><span class=\"sf-dump-ellipsis sf-dump-ellipsis-note\">Illuminate\\Foundation\\Exceptions</span><span class=\"sf-dump-ellipsis sf-dump-ellipsis-note\">\\</span>Handler-&gt;renderExceptionResponse($request, Throwable $e)</span> &#8230;
      &#8250; <code class=\"php\"><span class=sf-dump-default>                ? $this-&gt;prepareJsonResponse($request, $e)</span></code>
      &#8250; <code class=\"php\"><span class=sf-dump-const title=\"in Illuminate\\Foundation\\Exceptions\\Handler-&gt;renderExceptionResponse($request, Throwable $e)\">                : $this-&gt;prepareResponse($request, $e);</span></code>
      &#8250; <code class=\"php\"><span class=sf-dump-default>}</span></code>
      <span class=sf-dump-meta>arguments</span>: { &#8230;2}
    </samp>}
    <span class=sf-dump-meta title=\"C:\\laragon\\www\\mboabuy\\vendor\\laravel\\framework\\src\\Illuminate\\Foundation\\Exceptions\\Handler.php:473
Stack level 5.\"><span class=\"sf-dump-ellipsis sf-dump-ellipsis-path\">C:\\laragon\\www\\mboabuy\\vendor</span><span class=\"sf-dump-ellipsis sf-dump-ellipsis-path\">\\laravel\\framework\\</span>src\\Illuminate\\Foundation\\Exceptions\\Handler.php:473</span> {<samp data-depth=3 class=sf-dump-compact>
      <span class=sf-dump-note title=\"Illuminate\\Foundation\\Exceptions\\Handler-&gt;render($request, Throwable $e)
\"><span class=\"sf-dump-ellipsis sf-dump-ellipsis-note\">Illuminate\\Foundation\\Exceptions</span><span class=\"sf-dump-ellipsis sf-dump-ellipsis-note\">\\</span>Handler-&gt;render($request, Throwable $e)</span> &#8230;
      &#8250; <code class=\"php\"><span class=sf-dump-default>    $e instanceof ValidationException =&gt; $this-&gt;convertValidationExceptionToResponse($e, $request),</span></code>
      &#8250; <code class=\"php\"><span class=sf-dump-const title=\"in Illuminate\\Foundation\\Exceptions\\Handler-&gt;render($request, Throwable $e)\">    default =&gt; $this-&gt;renderExceptionResponse($request, $e),</span></code>
      &#8250; <code class=\"php\"><span class=sf-dump-default>};</span></code>
      <span class=sf-dump-meta>arguments</span>: { &#8230;2}
    </samp>}
    <span class=sf-dump-meta title=\"C:\\laragon\\www\\mboabuy\\app\\Exceptions\\Handler.php:59
Stack level 4.\"><span class=\"sf-dump-ellipsis sf-dump-ellipsis-path\">C:\\laragon\\www\\mboabuy</span><span class=\"sf-dump-ellipsis sf-dump-ellipsis-path\">\\</span>app\\Exceptions\\Handler.php:59</span> {<samp data-depth=3 class=sf-dump-compact>
      <span class=sf-dump-note title=\"App\\Exceptions\\Handler-&gt;render($request, Throwable $e)
\"><span class=\"sf-dump-ellipsis sf-dump-ellipsis-note\">App\\Exceptions</span><span class=\"sf-dump-ellipsis sf-dump-ellipsis-note\">\\</span>Handler-&gt;render($request, Throwable $e)</span> &#8230;
      &#8250; <code class=\"php\"><span class=sf-dump-default>{<span class=\"sf-dump-default sf-dump-ns\">\\r</span></span></code>
      &#8250; <code class=\"php\"><span class=sf-dump-const title=\"in App\\Exceptions\\Handler-&gt;render($request, Throwable $e)\">    return parent::render($request, $e);<span class=\"sf-dump-default sf-dump-ns\">\\r</span></span></code>
      &#8250; <code class=\"php\"><span class=sf-dump-default>}<span class=\"sf-dump-default sf-dump-ns\">\\r</span></span></code>
      <span class=sf-dump-meta>arguments</span>: { &#8230;2}
    </samp>}
    <span class=sf-dump-meta title=\"C:\\laragon\\www\\mboabuy\\vendor\\laravel\\framework\\src\\Illuminate\\Foundation\\Http\\Kernel.php:509
Stack level 3.\"><span class=\"sf-dump-ellipsis sf-dump-ellipsis-path\">C:\\laragon\\www\\mboabuy\\vendor</span><span class=\"sf-dump-ellipsis sf-dump-ellipsis-path\">\\laravel\\framework\\</span>src\\Illuminate\\Foundation\\Http\\Kernel.php:509</span> {<samp data-depth=3 class=sf-dump-compact>
      <span class=sf-dump-note title=\"Illuminate\\Foundation\\Http\\Kernel-&gt;renderException($request, Throwable $e)
\"><span class=\"sf-dump-ellipsis sf-dump-ellipsis-note\">Illuminate\\Foundation\\Http</span><span class=\"sf-dump-ellipsis sf-dump-ellipsis-note\">\\</span>Kernel-&gt;renderException($request, Throwable $e)</span> &#8230;
      &#8250; <code class=\"php\"><span class=sf-dump-default>{</span></code>
      &#8250; <code class=\"php\"><span class=sf-dump-const title=\"in Illuminate\\Foundation\\Http\\Kernel-&gt;renderException($request, Throwable $e)\">    return $this-&gt;app[ExceptionHandler::class]-&gt;render($request, $e);</span></code>
      &#8250; <code class=\"php\"><span class=sf-dump-default>}</span></code>
      <span class=sf-dump-meta>arguments</span>: { &#8230;2}
    </samp>}
    <span class=sf-dump-meta title=\"C:\\laragon\\www\\mboabuy\\vendor\\laravel\\framework\\src\\Illuminate\\Foundation\\Http\\Kernel.php:148
Stack level 2.\"><span class=\"sf-dump-ellipsis sf-dump-ellipsis-path\">C:\\laragon\\www\\mboabuy\\vendor</span><span class=\"sf-dump-ellipsis sf-dump-ellipsis-path\">\\laravel\\framework\\</span>src\\Illuminate\\Foundation\\Http\\Kernel.php:148</span> {<samp data-depth=3 class=sf-dump-compact>
      <span class=sf-dump-note title=\"Illuminate\\Foundation\\Http\\Kernel-&gt;handle($request)
\"><span class=\"sf-dump-ellipsis sf-dump-ellipsis-note\">Illuminate\\Foundation\\Http</span><span class=\"sf-dump-ellipsis sf-dump-ellipsis-note\">\\</span>Kernel-&gt;handle($request)</span> &#8230;
      &#8250; 
      &#8250; <code class=\"php\"><span class=sf-dump-const title=\"in Illuminate\\Foundation\\Http\\Kernel-&gt;handle($request)\">    $response = $this-&gt;renderException($request, $e);</span></code>
      &#8250; <code class=\"php\"><span class=sf-dump-default>}</span></code>
      <span class=sf-dump-meta>arguments</span>: { &#8230;2}
    </samp>}
    <span class=sf-dump-meta title=\"C:\\laragon\\www\\mboabuy\\index.php:56
Stack level 1.\"><span class=\"sf-dump-ellipsis sf-dump-ellipsis-path\">C:\\laragon\\www\\mboabuy</span><span class=\"sf-dump-ellipsis sf-dump-ellipsis-path\">\\</span>index.php:56</span> {<samp data-depth=3 class=sf-dump-compact>
      &#8250; <code class=\"php\"><span class=sf-dump-default><span class=\"sf-dump-default sf-dump-ns\">\\r</span></span></code>
      &#8250; <code class=\"php\"><span class=sf-dump-const title=\"\">$response = $kernel-&gt;handle(<span class=\"sf-dump-default sf-dump-ns\">\\r</span></span></code>
      &#8250; <code class=\"php\"><span class=sf-dump-default>    $request = Illuminate\\Http\\Request::capture()<span class=\"sf-dump-default sf-dump-ns\">\\r</span></span></code>
      <span class=sf-dump-meta>arguments</span>: { &#8230;1}
    </samp>}
  </samp>}
</samp>}
</pre><script>Sfdump(\"sf-dump-649048786\", {\"maxDepth\":3,\"maxStringLength\":160})</script>
"}},"userId":9,"exception":"[object] (Spatie\\LaravelIgnition\\Exceptions\\ViewException(code: 0): Cache store [cookie] is not defined. at C:\\laragon\\www\\mboabuy\\vendor\\laravel\\framework\\src\\Illuminate\\Cache\\CacheManager.php:88)
[stacktrace]
#0 C:\\laragon\\www\\mboabuy\\vendor\\laravel\\framework\\src\\Illuminate\\Cache\\CacheManager.php(61): Illuminate\\Cache\\CacheManager->resolve('cookie')
#1 C:\\laragon\\www\\mboabuy\\vendor\\laravel\\framework\\src\\Illuminate\\Cache\\CacheManager.php(429): Illuminate\\Cache\\CacheManager->store()
#2 C:\\laragon\\www\\mboabuy\\vendor\\laravel\\framework\\src\\Illuminate\\Support\\Facades\\Facade.php(355): Illuminate\\Cache\\CacheManager->__call('remember', Array)
#3 C:\\laragon\\www\\mboabuy\\app\\Http\\Helpers.php(1687): Illuminate\\Support\\Facades\\Facade::__callStatic('remember', Array)
#4 C:\\laragon\\www\\mboabuy\\resources\\views\\errors\\500.blade.php(1): addon_is_activated('portfolio_syste...')
#5 C:\\laragon\\www\\mboabuy\\vendor\\laravel\\framework\\src\\Illuminate\\Filesystem\\Filesystem.php(123): require('C:\\\\laragon\\\\www\\\\...')
#6 C:\\laragon\\www\\mboabuy\\vendor\\laravel\\framework\\src\\Illuminate\\Filesystem\\Filesystem.php(124): Illuminate\\Filesystem\\Filesystem::Illuminate\\Filesystem\\{closure}()
#7 C:\\laragon\\www\\mboabuy\\vendor\\laravel\\framework\\src\\Illuminate\\View\\Engines\\PhpEngine.php(58): Illuminate\\Filesystem\\Filesystem->getRequire('C:\\\\laragon\\\\www\\\\...', Array)
#8 C:\\laragon\\www\\mboabuy\\vendor\\laravel\\framework\\src\\Illuminate\\View\\Engines\\CompilerEngine.php(72): Illuminate\\View\\Engines\\PhpEngine->evaluatePath('C:\\\\laragon\\\\www\\\\...', Array)
#9 C:\\laragon\\www\\mboabuy\\vendor\\laravel\\framework\\src\\Illuminate\\View\\View.php(207): Illuminate\\View\\Engines\\CompilerEngine->get('C:\\\\laragon\\\\www\\\\...', Array)
#10 C:\\laragon\\www\\mboabuy\\vendor\\laravel\\framework\\src\\Illuminate\\View\\View.php(190): Illuminate\\View\\View->getContents()
#11 C:\\laragon\\www\\mboabuy\\vendor\\laravel\\framework\\src\\Illuminate\\View\\View.php(159): Illuminate\\View\\View->renderContents()
#12 C:\\laragon\\www\\mboabuy\\vendor\\laravel\\framework\\src\\Illuminate\\Http\\Response.php(69): Illuminate\\View\\View->render()
#13 C:\\laragon\\www\\mboabuy\\vendor\\laravel\\framework\\src\\Illuminate\\Http\\Response.php(35): Illuminate\\Http\\Response->setContent(Object(Illuminate\\View\\View))
#14 C:\\laragon\\www\\mboabuy\\vendor\\laravel\\framework\\src\\Illuminate\\Routing\\ResponseFactory.php(58): Illuminate\\Http\\Response->__construct(Object(Illuminate\\View\\View), 500, Array)
#15 C:\\laragon\\www\\mboabuy\\vendor\\laravel\\framework\\src\\Illuminate\\Routing\\ResponseFactory.php(88): Illuminate\\Routing\\ResponseFactory->make(Object(Illuminate\\View\\View), 500, Array)
#16 C:\\laragon\\www\\mboabuy\\vendor\\laravel\\framework\\src\\Illuminate\\Foundation\\Exceptions\\Handler.php(723): Illuminate\\Routing\\ResponseFactory->view('errors::500', Array, 500, Array)
#17 C:\\laragon\\www\\mboabuy\\vendor\\laravel\\framework\\src\\Illuminate\\Foundation\\Exceptions\\Handler.php(650): Illuminate\\Foundation\\Exceptions\\Handler->renderHttpException(Object(Symfony\\Component\\HttpKernel\\Exception\\HttpException))
#18 C:\\laragon\\www\\mboabuy\\vendor\\laravel\\framework\\src\\Illuminate\\Foundation\\Exceptions\\Handler.php(556): Illuminate\\Foundation\\Exceptions\\Handler->prepareResponse(Object(Illuminate\\Http\\Request), Object(Symfony\\Component\\HttpKernel\\Exception\\HttpException))
#19 C:\\laragon\\www\\mboabuy\\vendor\\laravel\\framework\\src\\Illuminate\\Foundation\\Exceptions\\Handler.php(473): Illuminate\\Foundation\\Exceptions\\Handler->renderExceptionResponse(Object(Illuminate\\Http\\Request), Object(InvalidArgumentException))
#20 C:\\laragon\\www\\mboabuy\\app\\Exceptions\\Handler.php(59): Illuminate\\Foundation\\Exceptions\\Handler->render(Object(Illuminate\\Http\\Request), Object(InvalidArgumentException))
#21 C:\\laragon\\www\\mboabuy\\vendor\\laravel\\framework\\src\\Illuminate\\Foundation\\Http\\Kernel.php(509): App\\Exceptions\\Handler->render(Object(Illuminate\\Http\\Request), Object(InvalidArgumentException))
#22 C:\\laragon\\www\\mboabuy\\vendor\\laravel\\framework\\src\\Illuminate\\Foundation\\Http\\Kernel.php(148): Illuminate\\Foundation\\Http\\Kernel->renderException(Object(Illuminate\\Http\\Request), Object(InvalidArgumentException))
#23 C:\\laragon\\www\\mboabuy\\index.php(56): Illuminate\\Foundation\\Http\\Kernel->handle(Object(Illuminate\\Http\\Request))
#24 {main}

[previous exception] [object] (InvalidArgumentException(code: 0): Cache store [cookie] is not defined. at C:\\laragon\\www\\mboabuy\\vendor\\laravel\\framework\\src\\Illuminate\\Cache\\CacheManager.php:88)
[stacktrace]
#0 C:\\laragon\\www\\mboabuy\\vendor\\laravel\\framework\\src\\Illuminate\\Cache\\CacheManager.php(61): Illuminate\\Cache\\CacheManager->resolve('cookie')
#1 C:\\laragon\\www\\mboabuy\\vendor\\laravel\\framework\\src\\Illuminate\\Cache\\CacheManager.php(429): Illuminate\\Cache\\CacheManager->store()
#2 C:\\laragon\\www\\mboabuy\\vendor\\laravel\\framework\\src\\Illuminate\\Support\\Facades\\Facade.php(355): Illuminate\\Cache\\CacheManager->__call('remember', Array)
#3 C:\\laragon\\www\\mboabuy\\app\\Http\\Helpers.php(1687): Illuminate\\Support\\Facades\\Facade::__callStatic('remember', Array)
#4 C:\\laragon\\www\\mboabuy\\storage\\framework\\views\\ee79c3f31f571677a0ddffda6461de6b.php(4): addon_is_activated('portfolio_syste...')
#5 C:\\laragon\\www\\mboabuy\\vendor\\laravel\\framework\\src\\Illuminate\\Filesystem\\Filesystem.php(123): require('C:\\\\laragon\\\\www\\\\...')
#6 C:\\laragon\\www\\mboabuy\\vendor\\laravel\\framework\\src\\Illuminate\\Filesystem\\Filesystem.php(124): Illuminate\\Filesystem\\Filesystem::Illuminate\\Filesystem\\{closure}()
#7 C:\\laragon\\www\\mboabuy\\vendor\\laravel\\framework\\src\\Illuminate\\View\\Engines\\PhpEngine.php(58): Illuminate\\Filesystem\\Filesystem->getRequire('C:\\\\laragon\\\\www\\\\...', Array)
#8 C:\\laragon\\www\\mboabuy\\vendor\\laravel\\framework\\src\\Illuminate\\View\\Engines\\CompilerEngine.php(72): Illuminate\\View\\Engines\\PhpEngine->evaluatePath('C:\\\\laragon\\\\www\\\\...', Array)
#9 C:\\laragon\\www\\mboabuy\\vendor\\laravel\\framework\\src\\Illuminate\\View\\View.php(207): Illuminate\\View\\Engines\\CompilerEngine->get('C:\\\\laragon\\\\www\\\\...', Array)
#10 C:\\laragon\\www\\mboabuy\\vendor\\laravel\\framework\\src\\Illuminate\\View\\View.php(190): Illuminate\\View\\View->getContents()
#11 C:\\laragon\\www\\mboabuy\\vendor\\laravel\\framework\\src\\Illuminate\\View\\View.php(159): Illuminate\\View\\View->renderContents()
#12 C:\\laragon\\www\\mboabuy\\vendor\\laravel\\framework\\src\\Illuminate\\Http\\Response.php(69): Illuminate\\View\\View->render()
#13 C:\\laragon\\www\\mboabuy\\vendor\\laravel\\framework\\src\\Illuminate\\Http\\Response.php(35): Illuminate\\Http\\Response->setContent(Object(Illuminate\\View\\View))
#14 C:\\laragon\\www\\mboabuy\\vendor\\laravel\\framework\\src\\Illuminate\\Routing\\ResponseFactory.php(58): Illuminate\\Http\\Response->__construct(Object(Illuminate\\View\\View), 500, Array)
#15 C:\\laragon\\www\\mboabuy\\vendor\\laravel\\framework\\src\\Illuminate\\Routing\\ResponseFactory.php(88): Illuminate\\Routing\\ResponseFactory->make(Object(Illuminate\\View\\View), 500, Array)
#16 C:\\laragon\\www\\mboabuy\\vendor\\laravel\\framework\\src\\Illuminate\\Foundation\\Exceptions\\Handler.php(723): Illuminate\\Routing\\ResponseFactory->view('errors::500', Array, 500, Array)
#17 C:\\laragon\\www\\mboabuy\\vendor\\laravel\\framework\\src\\Illuminate\\Foundation\\Exceptions\\Handler.php(650): Illuminate\\Foundation\\Exceptions\\Handler->renderHttpException(Object(Symfony\\Component\\HttpKernel\\Exception\\HttpException))
#18 C:\\laragon\\www\\mboabuy\\vendor\\laravel\\framework\\src\\Illuminate\\Foundation\\Exceptions\\Handler.php(556): Illuminate\\Foundation\\Exceptions\\Handler->prepareResponse(Object(Illuminate\\Http\\Request), Object(Symfony\\Component\\HttpKernel\\Exception\\HttpException))
#19 C:\\laragon\\www\\mboabuy\\vendor\\laravel\\framework\\src\\Illuminate\\Foundation\\Exceptions\\Handler.php(473): Illuminate\\Foundation\\Exceptions\\Handler->renderExceptionResponse(Object(Illuminate\\Http\\Request), Object(InvalidArgumentException))
#20 C:\\laragon\\www\\mboabuy\\app\\Exceptions\\Handler.php(59): Illuminate\\Foundation\\Exceptions\\Handler->render(Object(Illuminate\\Http\\Request), Object(InvalidArgumentException))
#21 C:\\laragon\\www\\mboabuy\\vendor\\laravel\\framework\\src\\Illuminate\\Foundation\\Http\\Kernel.php(509): App\\Exceptions\\Handler->render(Object(Illuminate\\Http\\Request), Object(InvalidArgumentException))
#22 C:\\laragon\\www\\mboabuy\\vendor\\laravel\\framework\\src\\Illuminate\\Foundation\\Http\\Kernel.php(148): Illuminate\\Foundation\\Http\\Kernel->renderException(Object(Illuminate\\Http\\Request), Object(InvalidArgumentException))
#23 C:\\laragon\\www\\mboabuy\\index.php(56): Illuminate\\Foundation\\Http\\Kernel->handle(Object(Illuminate\\Http\\Request))
#24 {main}
"} 
[2026-08-04 02:19:35] local.ERROR: Cache store [cookie] is not defined. {"userId":9,"exception":"[object] (InvalidArgumentException(code: 0): Cache store [cookie] is not defined. at C:\\laragon\\www\\mboabuy\\vendor\\laravel\\framework\\src\\Illuminate\\Cache\\CacheManager.php:88)
[stacktrace]
#0 C:\\laragon\\www\\mboabuy\\vendor\\laravel\\framework\\src\\Illuminate\\Cache\\CacheManager.php(61): Illuminate\\Cache\\CacheManager->resolve('cookie')
#1 C:\\laragon\\www\\mboabuy\\vendor\\spatie\\laravel-permission\\src\\PermissionRegistrar.php(96): Illuminate\\Cache\\CacheManager->store()
#2 C:\\laragon\\www\\mboabuy\\vendor\\spatie\\laravel-permission\\src\\PermissionRegistrar.php(85): Spatie\\Permission\\PermissionRegistrar->getCacheStoreFromConfig()
#3 C:\\laragon\\www\\mboabuy\\vendor\\spatie\\laravel-permission\\src\\PermissionRegistrar.php(70): Spatie\\Permission\\PermissionRegistrar->initializeCache()
#4 [internal function]: Spatie\\Permission\\PermissionRegistrar->__construct(Object(Illuminate\\Cache\\CacheManager))
#5 C:\\laragon\\www\\mboabuy\\vendor\\laravel\\framework\\src\\Illuminate\\Container\\Container.php(952): ReflectionClass->newInstanceArgs(Array)
#6 C:\\laragon\\www\\mboabuy\\vendor\\laravel\\framework\\src\\Illuminate\\Container\\Container.php(795): Illuminate\\Container\\Container->build('Spatie\\\\Permissi...')
#7 C:\\laragon\\www\\mboabuy\\vendor\\laravel\\framework\\src\\Illuminate\\Foundation\\Application.php(963): Illuminate\\Container\\Container->resolve('Spatie\\\\Permissi...', Array, true)
#8 C:\\laragon\\www\\mboabuy\\vendor\\laravel\\framework\\src\\Illuminate\\Container\\Container.php(731): Illuminate\\Foundation\\Application->resolve('Spatie\\\\Permissi...', Array)
#9 C:\\laragon\\www\\mboabuy\\vendor\\laravel\\framework\\src\\Illuminate\\Foundation\\Application.php(948): Illuminate\\Container\\Container->make('Spatie\\\\Permissi...', Array)
#10 C:\\laragon\\www\\mboabuy\\vendor\\laravel\\framework\\src\\Illuminate\\Container\\BoundMethod.php(181): Illuminate\\Foundation\\Application->make('Spatie\\\\Permissi...')
#11 C:\\laragon\\www\\mboabuy\\vendor\\laravel\\framework\\src\\Illuminate\\Container\\BoundMethod.php(124): Illuminate\\Container\\BoundMethod::addDependencyForCallParameter(Object(Illuminate\\Foundation\\Application), Object(ReflectionParameter), Array, Array)
#12 C:\\laragon\\www\\mboabuy\\vendor\\laravel\\framework\\src\\Illuminate\\Container\\BoundMethod.php(36): Illuminate\\Container\\BoundMethod::getMethodDependencies(Object(Illuminate\\Foundation\\Application), Array, Array)
#13 C:\\laragon\\www\\mboabuy\\vendor\\laravel\\framework\\src\\Illuminate\\Container\\Util.php(41): Illuminate\\Container\\BoundMethod::Illuminate\\Container\\{closure}()
#14 C:\\laragon\\www\\mboabuy\\vendor\\laravel\\framework\\src\\Illuminate\\Container\\BoundMethod.php(93): Illuminate\\Container\\Util::unwrapIfClosure(Object(Closure))
#15 C:\\laragon\\www\\mboabuy\\vendor\\laravel\\framework\\src\\Illuminate\\Container\\BoundMethod.php(35): Illuminate\\Container\\BoundMethod::callBoundMethod(Object(Illuminate\\Foundation\\Application), Array, Object(Closure))
#16 C:\\laragon\\www\\mboabuy\\vendor\\laravel\\framework\\src\\Illuminate\\Container\\Container.php(662): Illuminate\\Container\\BoundMethod::call(Object(Illuminate\\Foundation\\Application), Array, Array, NULL)
#17 C:\\laragon\\www\\mboabuy\\vendor\\laravel\\framework\\src\\Illuminate\\Foundation\\Application.php(1036): Illuminate\\Container\\Container->call(Array)
#18 C:\\laragon\\www\\mboabuy\\vendor\\laravel\\framework\\src\\Illuminate\\Foundation\\Application.php(1017): Illuminate\\Foundation\\Application->bootProvider(Object(Spatie\\Permission\\PermissionServiceProvider))
#19 [internal function]: Illuminate\\Foundation\\Application->Illuminate\\Foundation\\{closure}(Object(Spatie\\Permission\\PermissionServiceProvider), 37)
#20 C:\\laragon\\www\\mboabuy\\vendor\\laravel\\framework\\src\\Illuminate\\Foundation\\Application.php(1016): array_walk(Array, Object(Closure))
#21 C:\\laragon\\www\\mboabuy\\vendor\\laravel\\framework\\src\\Illuminate\\Foundation\\Bootstrap\\BootProviders.php(17): Illuminate\\Foundation\\Application->boot()
#22 C:\\laragon\\www\\mboabuy\\vendor\\laravel\\framework\\src\\Illuminate\\Foundation\\Application.php(263): Illuminate\\Foundation\\Bootstrap\\BootProviders->bootstrap(Object(Illuminate\\Foundation\\Application))
#23 C:\\laragon\\www\\mboabuy\\vendor\\laravel\\framework\\src\\Illuminate\\Foundation\\Http\\Kernel.php(186): Illuminate\\Foundation\\Application->bootstrapWith(Array)
#24 C:\\laragon\\www\\mboabuy\\vendor\\laravel\\framework\\src\\Illuminate\\Foundation\\Http\\Kernel.php(170): Illuminate\\Foundation\\Http\\Kernel->bootstrap()
#25 C:\\laragon\\www\\mboabuy\\vendor\\laravel\\framework\\src\\Illuminate\\Foundation\\Http\\Kernel.php(144): Illuminate\\Foundation\\Http\\Kernel->sendRequestThroughRouter(Object(Illuminate\\Http\\Request))
#26 C:\\laragon\\www\\mboabuy\\index.php(56): Illuminate\\Foundation\\Http\\Kernel->handle(Object(Illuminate\\Http\\Request))
#27 {main}
"} 
[2026-08-04 02:19:36] local.ERROR: Cache store [cookie] is not defined. {"view":{"view":"C:\\laragon\\www\\mboabuy\\resources\\views\\errors\\500.blade.php","data":{"errors":"<pre class=sf-dump id=sf-dump-1073271514 data-indent-pad=\"  \"><span class=sf-dump-note>Illuminate\\Support\\ViewErrorBag</span> {<a class=sf-dump-ref>#1352</a><samp data-depth=1 class=sf-dump-expanded>
  #<span class=sf-dump-protected title=\"Protected property\">bags</span>: []
</samp>}
</pre><script>Sfdump(\"sf-dump-1073271514\", {\"maxDepth\":3,\"maxStringLength\":160})</script>
","exception":"<pre class=sf-dump id=sf-dump-1007466886 data-indent-pad=\"  \"><span class=sf-dump-note>Symfony\\Component\\HttpKernel\\Exception\\HttpException</span> {<a class=sf-dump-ref>#1346</a><samp data-depth=1 class=sf-dump-expanded>
  #<span class=sf-dump-protected title=\"Protected property\">message</span>: \"<span class=sf-dump-str title=\"36 characters\">Cache store [cookie] is not defined.</span>\"
  #<span class=sf-dump-protected title=\"Protected property\">code</span>: <span class=sf-dump-num>0</span>
  #<span class=sf-dump-protected title=\"Protected property\">file</span>: \"<span class=sf-dump-str title=\"C:\\laragon\\www\\mboabuy\\vendor\\laravel\\framework\\src\\Illuminate\\Foundation\\Exceptions\\Handler.php
96 characters\"><span class=\"sf-dump-ellipsis sf-dump-ellipsis-path\">C:\\laragon\\www\\mboabuy\\vendor</span><span class=\"sf-dump-ellipsis sf-dump-ellipsis-path\">\\laravel\\framework\\</span>src\\Illuminate\\Foundation\\Exceptions\\Handler.php</span>\"
  #<span class=sf-dump-protected title=\"Protected property\">line</span>: <span class=sf-dump-num>646</span>
  -<span class=sf-dump-private title=\"Private property defined in class:&#10;`Exception`\">previous</span>: <span class=sf-dump-note>InvalidArgumentException</span> {<a class=sf-dump-ref href=#sf-dump-1007466886-ref2347 title=\"6 occurrences\">#347</a><samp data-depth=2 id=sf-dump-1007466886-ref2347 class=sf-dump-compact>
    #<span class=sf-dump-protected title=\"Protected property\">message</span>: \"<span class=sf-dump-str title=\"36 characters\">Cache store [cookie] is not defined.</span>\"
    #<span class=sf-dump-protected title=\"Protected property\">code</span>: <span class=sf-dump-num>0</span>
    #<span class=sf-dump-protected title=\"Protected property\">file</span>: \"<span class=sf-dump-str title=\"C:\\laragon\\www\\mboabuy\\vendor\\laravel\\framework\\src\\Illuminate\\Cache\\CacheManager.php
85 characters\"><span class=\"sf-dump-ellipsis sf-dump-ellipsis-path\">C:\\laragon\\www\\mboabuy\\vendor</span><span class=\"sf-dump-ellipsis sf-dump-ellipsis-path\">\\laravel\\framework\\</span>src\\Illuminate\\Cache\\CacheManager.php</span>\"
    #<span class=sf-dump-protected title=\"Protected property\">line</span>: <span class=sf-dump-num>88</span>
    <span class=sf-dump-meta>trace</span>: {<samp data-depth=3 class=sf-dump-compact>
      <span class=sf-dump-meta title=\"C:\\laragon\\www\\mboabuy\\vendor\\laravel\\framework\\src\\Illuminate\\Cache\\CacheManager.php:88
Stack level 28.\"><span class=\"sf-dump-ellipsis sf-dump-ellipsis-path\">C:\\laragon\\www\\mboabuy\\vendor</span><span class=\"sf-dump-ellipsis sf-dump-ellipsis-path\">\\laravel\\framework\\</span>src\\Illuminate\\Cache\\CacheManager.php:88</span> { &#8230;4}
      <span class=sf-dump-meta title=\"C:\\laragon\\www\\mboabuy\\vendor\\laravel\\framework\\src\\Illuminate\\Cache\\CacheManager.php:61
Stack level 27.\"><span class=\"sf-dump-ellipsis sf-dump-ellipsis-path\">C:\\laragon\\www\\mboabuy\\vendor</span><span class=\"sf-dump-ellipsis sf-dump-ellipsis-path\">\\laravel\\framework\\</span>src\\Illuminate\\Cache\\CacheManager.php:61</span> { &#8230;5}
      <span class=sf-dump-meta title=\"C:\\laragon\\www\\mboabuy\\vendor\\spatie\\laravel-permission\\src\\PermissionRegistrar.php:96
Stack level 26.\"><span class=\"sf-dump-ellipsis sf-dump-ellipsis-path\">C:\\laragon\\www\\mboabuy\\vendor</span><span class=\"sf-dump-ellipsis sf-dump-ellipsis-path\">\\spatie\\laravel-permission\\</span>src\\PermissionRegistrar.php:96</span> { &#8230;4}
      <span class=sf-dump-meta title=\"C:\\laragon\\www\\mboabuy\\vendor\\spatie\\laravel-permission\\src\\PermissionRegistrar.php:85
Stack level 25.\"><span class=\"sf-dump-ellipsis sf-dump-ellipsis-path\">C:\\laragon\\www\\mboabuy\\vendor</span><span class=\"sf-dump-ellipsis sf-dump-ellipsis-path\">\\spatie\\laravel-permission\\</span>src\\PermissionRegistrar.php:85</span> { &#8230;4}
      <span class=sf-dump-meta title=\"C:\\laragon\\www\\mboabuy\\vendor\\spatie\\laravel-permission\\src\\PermissionRegistrar.php:70
Stack level 24.\"><span class=\"sf-dump-ellipsis sf-dump-ellipsis-path\">C:\\laragon\\www\\mboabuy\\vendor</span><span class=\"sf-dump-ellipsis sf-dump-ellipsis-path\">\\spatie\\laravel-permission\\</span>src\\PermissionRegistrar.php:70</span> { &#8230;4}
      <span class=sf-dump-meta title=\"Spatie\\Permission\\PermissionRegistrar-&gt;__construct()
Stack level 23.\"><span class=\"sf-dump-ellipsis sf-dump-ellipsis-class\">Spatie\\Permission</span><span class=\"sf-dump-ellipsis sf-dump-ellipsis-class\">\\</span>PermissionRegistrar-&gt;__construct()</span> {}
      <span class=sf-dump-meta title=\"C:\\laragon\\www\\mboabuy\\vendor\\laravel\\framework\\src\\Illuminate\\Container\\Container.php:952
Stack level 22.\"><span class=\"sf-dump-ellipsis sf-dump-ellipsis-path\">C:\\laragon\\www\\mboabuy\\vendor</span><span class=\"sf-dump-ellipsis sf-dump-ellipsis-path\">\\laravel\\framework\\</span>src\\Illuminate\\Container\\Container.php:952</span> { &#8230;5}
      <span class=sf-dump-meta title=\"C:\\laragon\\www\\mboabuy\\vendor\\laravel\\framework\\src\\Illuminate\\Container\\Container.php:795
Stack level 21.\"><span class=\"sf-dump-ellipsis sf-dump-ellipsis-path\">C:\\laragon\\www\\mboabuy\\vendor</span><span class=\"sf-dump-ellipsis sf-dump-ellipsis-path\">\\laravel\\framework\\</span>src\\Illuminate\\Container\\Container.php:795</span> { &#8230;5}
      <span class=sf-dump-meta title=\"C:\\laragon\\www\\mboabuy\\vendor\\laravel\\framework\\src\\Illuminate\\Foundation\\Application.php:963
Stack level 20.\"><span class=\"sf-dump-ellipsis sf-dump-ellipsis-path\">C:\\laragon\\www\\mboabuy\\vendor</span><span class=\"sf-dump-ellipsis sf-dump-ellipsis-path\">\\laravel\\framework\\</span>src\\Illuminate\\Foundation\\Application.php:963</span> { &#8230;5}
      <span class=sf-dump-meta title=\"C:\\laragon\\www\\mboabuy\\vendor\\laravel\\framework\\src\\Illuminate\\Container\\Container.php:731
Stack level 19.\"><span class=\"sf-dump-ellipsis sf-dump-ellipsis-path\">C:\\laragon\\www\\mboabuy\\vendor</span><span class=\"sf-dump-ellipsis sf-dump-ellipsis-path\">\\laravel\\framework\\</span>src\\Illuminate\\Container\\Container.php:731</span> { &#8230;5}
      <span class=sf-dump-meta title=\"C:\\laragon\\www\\mboabuy\\vendor\\laravel\\framework\\src\\Illuminate\\Foundation\\Application.php:948
Stack level 18.\"><span class=\"sf-dump-ellipsis sf-dump-ellipsis-path\">C:\\laragon\\www\\mboabuy\\vendor</span><span class=\"sf-dump-ellipsis sf-dump-ellipsis-path\">\\laravel\\framework\\</span>src\\Illuminate\\Foundation\\Application.php:948</span> { &#8230;5}
      <span class=sf-dump-meta title=\"C:\\laragon\\www\\mboabuy\\vendor\\laravel\\framework\\src\\Illuminate\\Container\\BoundMethod.php:181
Stack level 17.\"><span class=\"sf-dump-ellipsis sf-dump-ellipsis-path\">C:\\laragon\\www\\mboabuy\\vendor</span><span class=\"sf-dump-ellipsis sf-dump-ellipsis-path\">\\laravel\\framework\\</span>src\\Illuminate\\Container\\BoundMethod.php:181</span> { &#8230;5}
      <span class=sf-dump-meta title=\"C:\\laragon\\www\\mboabuy\\vendor\\laravel\\framework\\src\\Illuminate\\Container\\BoundMethod.php:124
Stack level 16.\"><span class=\"sf-dump-ellipsis sf-dump-ellipsis-path\">C:\\laragon\\www\\mboabuy\\vendor</span><span class=\"sf-dump-ellipsis sf-dump-ellipsis-path\">\\laravel\\framework\\</span>src\\Illuminate\\Container\\BoundMethod.php:124</span> { &#8230;5}
      <span class=sf-dump-meta title=\"C:\\laragon\\www\\mboabuy\\vendor\\laravel\\framework\\src\\Illuminate\\Container\\BoundMethod.php:36
Stack level 15.\"><span class=\"sf-dump-ellipsis sf-dump-ellipsis-path\">C:\\laragon\\www\\mboabuy\\vendor</span><span class=\"sf-dump-ellipsis sf-dump-ellipsis-path\">\\laravel\\framework\\</span>src\\Illuminate\\Container\\BoundMethod.php:36</span> { &#8230;5}
      <span class=sf-dump-meta title=\"C:\\laragon\\www\\mboabuy\\vendor\\laravel\\framework\\src\\Illuminate\\Container\\Util.php:41
Stack level 14.\"><span class=\"sf-dump-ellipsis sf-dump-ellipsis-path\">C:\\laragon\\www\\mboabuy\\vendor</span><span class=\"sf-dump-ellipsis sf-dump-ellipsis-path\">\\laravel\\framework\\</span>src\\Illuminate\\Container\\Util.php:41</span> { &#8230;4}
      <span class=sf-dump-meta title=\"C:\\laragon\\www\\mboabuy\\vendor\\laravel\\framework\\src\\Illuminate\\Container\\BoundMethod.php:93
Stack level 13.\"><span class=\"sf-dump-ellipsis sf-dump-ellipsis-path\">C:\\laragon\\www\\mboabuy\\vendor</span><span class=\"sf-dump-ellipsis sf-dump-ellipsis-path\">\\laravel\\framework\\</span>src\\Illuminate\\Container\\BoundMethod.php:93</span> { &#8230;5}
      <span class=sf-dump-meta title=\"C:\\laragon\\www\\mboabuy\\vendor\\laravel\\framework\\src\\Illuminate\\Container\\BoundMethod.php:35
Stack level 12.\"><span class=\"sf-dump-ellipsis sf-dump-ellipsis-path\">C:\\laragon\\www\\mboabuy\\vendor</span><span class=\"sf-dump-ellipsis sf-dump-ellipsis-path\">\\laravel\\framework\\</span>src\\Illuminate\\Container\\BoundMethod.php:35</span> { &#8230;5}
      <span class=sf-dump-meta title=\"C:\\laragon\\www\\mboabuy\\vendor\\laravel\\framework\\src\\Illuminate\\Container\\Container.php:662
Stack level 11.\"><span class=\"sf-dump-ellipsis sf-dump-ellipsis-path\">C:\\laragon\\www\\mboabuy\\vendor</span><span class=\"sf-dump-ellipsis sf-dump-ellipsis-path\">\\laravel\\framework\\</span>src\\Illuminate\\Container\\Container.php:662</span> { &#8230;5}
      <span class=sf-dump-meta title=\"C:\\laragon\\www\\mboabuy\\vendor\\laravel\\framework\\src\\Illuminate\\Foundation\\Application.php:1036
Stack level 10.\"><span class=\"sf-dump-ellipsis sf-dump-ellipsis-path\">C:\\laragon\\www\\mboabuy\\vendor</span><span class=\"sf-dump-ellipsis sf-dump-ellipsis-path\">\\laravel\\framework\\</span>src\\Illuminate\\Foundation\\Application.php:1036</span> { &#8230;5}
      <span class=sf-dump-meta title=\"C:\\laragon\\www\\mboabuy\\vendor\\laravel\\framework\\src\\Illuminate\\Foundation\\Application.php:1017
Stack level 9.\"><span class=\"sf-dump-ellipsis sf-dump-ellipsis-path\">C:\\laragon\\www\\mboabuy\\vendor</span><span class=\"sf-dump-ellipsis sf-dump-ellipsis-path\">\\laravel\\framework\\</span>src\\Illuminate\\Foundation\\Application.php:1017</span> { &#8230;5}
      <span class=sf-dump-meta title=\"Illuminate\\Foundation\\Application-&gt;Illuminate\\Foundation\\{closure}()
Stack level 8.\"><span class=\"sf-dump-ellipsis sf-dump-ellipsis-class\">Illuminate\\Foundation\\Application-&gt;Illuminate\\Foundation</span><span class=\"sf-dump-ellipsis sf-dump-ellipsis-class\">\\</span>{closure}()</span> {}
      <span class=sf-dump-meta title=\"C:\\laragon\\www\\mboabuy\\vendor\\laravel\\framework\\src\\Illuminate\\Foundation\\Application.php:1016
Stack level 7.\"><span class=\"sf-dump-ellipsis sf-dump-ellipsis-path\">C:\\laragon\\www\\mboabuy\\vendor</span><span class=\"sf-dump-ellipsis sf-dump-ellipsis-path\">\\laravel\\framework\\</span>src\\Illuminate\\Foundation\\Application.php:1016</span> { &#8230;5}
      <span class=sf-dump-meta title=\"C:\\laragon\\www\\mboabuy\\vendor\\laravel\\framework\\src\\Illuminate\\Foundation\\Bootstrap\\BootProviders.php:17
Stack level 6.\"><span class=\"sf-dump-ellipsis sf-dump-ellipsis-path\">C:\\laragon\\www\\mboabuy\\vendor</span><span class=\"sf-dump-ellipsis sf-dump-ellipsis-path\">\\laravel\\framework\\</span>src\\Illuminate\\Foundation\\Bootstrap\\BootProviders.php:17</span> { &#8230;4}
      <span class=sf-dump-meta title=\"C:\\laragon\\www\\mboabuy\\vendor\\laravel\\framework\\src\\Illuminate\\Foundation\\Application.php:263
Stack level 5.\"><span class=\"sf-dump-ellipsis sf-dump-ellipsis-path\">C:\\laragon\\www\\mboabuy\\vendor</span><span class=\"sf-dump-ellipsis sf-dump-ellipsis-path\">\\laravel\\framework\\</span>src\\Illuminate\\Foundation\\Application.php:263</span> { &#8230;5}
      <span class=sf-dump-meta title=\"C:\\laragon\\www\\mboabuy\\vendor\\laravel\\framework\\src\\Illuminate\\Foundation\\Http\\Kernel.php:186
Stack level 4.\"><span class=\"sf-dump-ellipsis sf-dump-ellipsis-path\">C:\\laragon\\www\\mboabuy\\vendor</span><span class=\"sf-dump-ellipsis sf-dump-ellipsis-path\">\\laravel\\framework\\</span>src\\Illuminate\\Foundation\\Http\\Kernel.php:186</span> { &#8230;5}
      <span class=sf-dump-meta title=\"C:\\laragon\\www\\mboabuy\\vendor\\laravel\\framework\\src\\Illuminate\\Foundation\\Http\\Kernel.php:170
Stack level 3.\"><span class=\"sf-dump-ellipsis sf-dump-ellipsis-path\">C:\\laragon\\www\\mboabuy\\vendor</span><span class=\"sf-dump-ellipsis sf-dump-ellipsis-path\">\\laravel\\framework\\</span>src\\Illuminate\\Foundation\\Http\\Kernel.php:170</span> { &#8230;4}
      <span class=sf-dump-meta title=\"C:\\laragon\\www\\mboabuy\\vendor\\laravel\\framework\\src\\Illuminate\\Foundation\\Http\\Kernel.php:144
Stack level 2.\"><span class=\"sf-dump-ellipsis sf-dump-ellipsis-path\">C:\\laragon\\www\\mboabuy\\vendor</span><span class=\"sf-dump-ellipsis sf-dump-ellipsis-path\">\\laravel\\framework\\</span>src\\Illuminate\\Foundation\\Http\\Kernel.php:144</span> { &#8230;5}
      <span class=sf-dump-meta title=\"C:\\laragon\\www\\mboabuy\\index.php:56
Stack level 1.\"><span class=\"sf-dump-ellipsis sf-dump-ellipsis-path\">C:\\laragon\\www\\mboabuy</span><span class=\"sf-dump-ellipsis sf-dump-ellipsis-path\">\\</span>index.php:56</span> { &#8230;4}
    </samp>}
  </samp>}
  -<span class=sf-dump-private title=\"Private property defined in class:&#10;`Symfony\\Component\\HttpKernel\\Exception\\HttpException`\">statusCode</span>: <span class=sf-dump-num>500</span>
  -<span class=sf-dump-private title=\"Private property defined in class:&#10;`Symfony\\Component\\HttpKernel\\Exception\\HttpException`\">headers</span>: []
  <span class=sf-dump-meta>trace</span>: {<samp data-depth=2 class=sf-dump-compact>
    <span class=sf-dump-meta title=\"C:\\laragon\\www\\mboabuy\\vendor\\laravel\\framework\\src\\Illuminate\\Foundation\\Exceptions\\Handler.php:646
Stack level 7.\"><span class=\"sf-dump-ellipsis sf-dump-ellipsis-path\">C:\\laragon\\www\\mboabuy\\vendor</span><span class=\"sf-dump-ellipsis sf-dump-ellipsis-path\">\\laravel\\framework\\</span>src\\Illuminate\\Foundation\\Exceptions\\Handler.php:646</span> {<samp data-depth=3 class=sf-dump-compact>
      <span class=sf-dump-note title=\"Illuminate\\Foundation\\Exceptions\\Handler-&gt;prepareResponse($request, Throwable $e)
\"><span class=\"sf-dump-ellipsis sf-dump-ellipsis-note\">Illuminate\\Foundation\\Exceptions</span><span class=\"sf-dump-ellipsis sf-dump-ellipsis-note\">\\</span>Handler-&gt;prepareResponse($request, Throwable $e)</span> &#8230;
      &#8250; <code class=\"php\"><span class=sf-dump-default>if (! $this-&gt;isHttpException($e)) {</span></code>
      &#8250; <code class=\"php\"><span class=sf-dump-const title=\"in Illuminate\\Foundation\\Exceptions\\Handler-&gt;prepareResponse($request, Throwable $e)\">    $e = new HttpException(500, $e-&gt;getMessage(), $e);</span></code>
      &#8250; <code class=\"php\"><span class=sf-dump-default>}</span></code>
    </samp>}
    <span class=sf-dump-meta title=\"C:\\laragon\\www\\mboabuy\\vendor\\laravel\\framework\\src\\Illuminate\\Foundation\\Exceptions\\Handler.php:556
Stack level 6.\"><span class=\"sf-dump-ellipsis sf-dump-ellipsis-path\">C:\\laragon\\www\\mboabuy\\vendor</span><span class=\"sf-dump-ellipsis sf-dump-ellipsis-path\">\\laravel\\framework\\</span>src\\Illuminate\\Foundation\\Exceptions\\Handler.php:556</span> {<samp data-depth=3 class=sf-dump-compact>
      <span class=sf-dump-note title=\"Illuminate\\Foundation\\Exceptions\\Handler-&gt;renderExceptionResponse($request, Throwable $e)
\"><span class=\"sf-dump-ellipsis sf-dump-ellipsis-note\">Illuminate\\Foundation\\Exceptions</span><span class=\"sf-dump-ellipsis sf-dump-ellipsis-note\">\\</span>Handler-&gt;renderExceptionResponse($request, Throwable $e)</span> &#8230;
      &#8250; <code class=\"php\"><span class=sf-dump-default>                ? $this-&gt;prepareJsonResponse($request, $e)</span></code>
      &#8250; <code class=\"php\"><span class=sf-dump-const title=\"in Illuminate\\Foundation\\Exceptions\\Handler-&gt;renderExceptionResponse($request, Throwable $e)\">                : $this-&gt;prepareResponse($request, $e);</span></code>
      &#8250; <code class=\"php\"><span class=sf-dump-default>}</span></code>
      <span class=sf-dump-meta>arguments</span>: { &#8230;2}
    </samp>}
    <span class=sf-dump-meta title=\"C:\\laragon\\www\\mboabuy\\vendor\\laravel\\framework\\src\\Illuminate\\Foundation\\Exceptions\\Handler.php:473
Stack level 5.\"><span class=\"sf-dump-ellipsis sf-dump-ellipsis-path\">C:\\laragon\\www\\mboabuy\\vendor</span><span class=\"sf-dump-ellipsis sf-dump-ellipsis-path\">\\laravel\\framework\\</span>src\\Illuminate\\Foundation\\Exceptions\\Handler.php:473</span> {<samp data-depth=3 class=sf-dump-compact>
      <span class=sf-dump-note title=\"Illuminate\\Foundation\\Exceptions\\Handler-&gt;render($request, Throwable $e)
\"><span class=\"sf-dump-ellipsis sf-dump-ellipsis-note\">Illuminate\\Foundation\\Exceptions</span><span class=\"sf-dump-ellipsis sf-dump-ellipsis-note\">\\</span>Handler-&gt;render($request, Throwable $e)</span> &#8230;
      &#8250; <code class=\"php\"><span class=sf-dump-default>    $e instanceof ValidationException =&gt; $this-&gt;convertValidationExceptionToResponse($e, $request),</span></code>
      &#8250; <code class=\"php\"><span class=sf-dump-const title=\"in Illuminate\\Foundation\\Exceptions\\Handler-&gt;render($request, Throwable $e)\">    default =&gt; $this-&gt;renderExceptionResponse($request, $e),</span></code>
      &#8250; <code class=\"php\"><span class=sf-dump-default>};</span></code>
      <span class=sf-dump-meta>arguments</span>: { &#8230;2}
    </samp>}
    <span class=sf-dump-meta title=\"C:\\laragon\\www\\mboabuy\\app\\Exceptions\\Handler.php:59
Stack level 4.\"><span class=\"sf-dump-ellipsis sf-dump-ellipsis-path\">C:\\laragon\\www\\mboabuy</span><span class=\"sf-dump-ellipsis sf-dump-ellipsis-path\">\\</span>app\\Exceptions\\Handler.php:59</span> {<samp data-depth=3 class=sf-dump-compact>
      <span class=sf-dump-note title=\"App\\Exceptions\\Handler-&gt;render($request, Throwable $e)
\"><span class=\"sf-dump-ellipsis sf-dump-ellipsis-note\">App\\Exceptions</span><span class=\"sf-dump-ellipsis sf-dump-ellipsis-note\">\\</span>Handler-&gt;render($request, Throwable $e)</span> &#8230;
      &#8250; <code class=\"php\"><span class=sf-dump-default>{<span class=\"sf-dump-default sf-dump-ns\">\\r</span></span></code>
      &#8250; <code class=\"php\"><span class=sf-dump-const title=\"in App\\Exceptions\\Handler-&gt;render($request, Throwable $e)\">    return parent::render($request, $e);<span class=\"sf-dump-default sf-dump-ns\">\\r</span></span></code>
      &#8250; <code class=\"php\"><span class=sf-dump-default>}<span class=\"sf-dump-default sf-dump-ns\">\\r</span></span></code>
      <span class=sf-dump-meta>arguments</span>: { &#8230;2}
    </samp>}
    <span class=sf-dump-meta title=\"C:\\laragon\\www\\mboabuy\\vendor\\laravel\\framework\\src\\Illuminate\\Foundation\\Http\\Kernel.php:509
Stack level 3.\"><span class=\"sf-dump-ellipsis sf-dump-ellipsis-path\">C:\\laragon\\www\\mboabuy\\vendor</span><span class=\"sf-dump-ellipsis sf-dump-ellipsis-path\">\\laravel\\framework\\</span>src\\Illuminate\\Foundation\\Http\\Kernel.php:509</span> {<samp data-depth=3 class=sf-dump-compact>
      <span class=sf-dump-note title=\"Illuminate\\Foundation\\Http\\Kernel-&gt;renderException($request, Throwable $e)
\"><span class=\"sf-dump-ellipsis sf-dump-ellipsis-note\">Illuminate\\Foundation\\Http</span><span class=\"sf-dump-ellipsis sf-dump-ellipsis-note\">\\</span>Kernel-&gt;renderException($request, Throwable $e)</span> &#8230;
      &#8250; <code class=\"php\"><span class=sf-dump-default>{</span></code>
      &#8250; <code class=\"php\"><span class=sf-dump-const title=\"in Illuminate\\Foundation\\Http\\Kernel-&gt;renderException($request, Throwable $e)\">    return $this-&gt;app[ExceptionHandler::class]-&gt;render($request, $e);</span></code>
      &#8250; <code class=\"php\"><span class=sf-dump-default>}</span></code>
      <span class=sf-dump-meta>arguments</span>: { &#8230;2}
    </samp>}
    <span class=sf-dump-meta title=\"C:\\laragon\\www\\mboabuy\\vendor\\laravel\\framework\\src\\Illuminate\\Foundation\\Http\\Kernel.php:148
Stack level 2.\"><span class=\"sf-dump-ellipsis sf-dump-ellipsis-path\">C:\\laragon\\www\\mboabuy\\vendor</span><span class=\"sf-dump-ellipsis sf-dump-ellipsis-path\">\\laravel\\framework\\</span>src\\Illuminate\\Foundation\\Http\\Kernel.php:148</span> {<samp data-depth=3 class=sf-dump-compact>
      <span class=sf-dump-note title=\"Illuminate\\Foundation\\Http\\Kernel-&gt;handle($request)
\"><span class=\"sf-dump-ellipsis sf-dump-ellipsis-note\">Illuminate\\Foundation\\Http</span><span class=\"sf-dump-ellipsis sf-dump-ellipsis-note\">\\</span>Kernel-&gt;handle($request)</span> &#8230;
      &#8250; 
      &#8250; <code class=\"php\"><span class=sf-dump-const title=\"in Illuminate\\Foundation\\Http\\Kernel-&gt;handle($request)\">    $response = $this-&gt;renderException($request, $e);</span></code>
      &#8250; <code class=\"php\"><span class=sf-dump-default>}</span></code>
      <span class=sf-dump-meta>arguments</span>: { &#8230;2}
    </samp>}
    <span class=sf-dump-meta title=\"C:\\laragon\\www\\mboabuy\\index.php:56
Stack level 1.\"><span class=\"sf-dump-ellipsis sf-dump-ellipsis-path\">C:\\laragon\\www\\mboabuy</span><span class=\"sf-dump-ellipsis sf-dump-ellipsis-path\">\\</span>index.php:56</span> {<samp data-depth=3 class=sf-dump-compact>
      &#8250; <code class=\"php\"><span class=sf-dump-default><span class=\"sf-dump-default sf-dump-ns\">\\r</span></span></code>
      &#8250; <code class=\"php\"><span class=sf-dump-const title=\"\">$response = $kernel-&gt;handle(<span class=\"sf-dump-default sf-dump-ns\">\\r</span></span></code>
      &#8250; <code class=\"php\"><span class=sf-dump-default>    $request = Illuminate\\Http\\Request::capture()<span class=\"sf-dump-default sf-dump-ns\">\\r</span></span></code>
      <span class=sf-dump-meta>arguments</span>: { &#8230;1}
    </samp>}
  </samp>}
</samp>}
</pre><script>Sfdump(\"sf-dump-1007466886\", {\"maxDepth\":3,\"maxStringLength\":160})</script>
"}},"userId":9,"exception":"[object] (Spatie\\LaravelIgnition\\Exceptions\\ViewException(code: 0): Cache store [cookie] is not defined. at C:\\laragon\\www\\mboabuy\\vendor\\laravel\\framework\\src\\Illuminate\\Cache\\CacheManager.php:88)
[stacktrace]
#0 C:\\laragon\\www\\mboabuy\\vendor\\laravel\\framework\\src\\Illuminate\\Cache\\CacheManager.php(61): Illuminate\\Cache\\CacheManager->resolve('cookie')
#1 C:\\laragon\\www\\mboabuy\\vendor\\laravel\\framework\\src\\Illuminate\\Cache\\CacheManager.php(429): Illuminate\\Cache\\CacheManager->store()
#2 C:\\laragon\\www\\mboabuy\\vendor\\laravel\\framework\\src\\Illuminate\\Support\\Facades\\Facade.php(355): Illuminate\\Cache\\CacheManager->__call('remember', Array)
#3 C:\\laragon\\www\\mboabuy\\app\\Http\\Helpers.php(1687): Illuminate\\Support\\Facades\\Facade::__callStatic('remember', Array)
#4 C:\\laragon\\www\\mboabuy\\resources\\views\\errors\\500.blade.php(1): addon_is_activated('portfolio_syste...')
#5 C:\\laragon\\www\\mboabuy\\vendor\\laravel\\framework\\src\\Illuminate\\Filesystem\\Filesystem.php(123): require('C:\\\\laragon\\\\www\\\\...')
#6 C:\\laragon\\www\\mboabuy\\vendor\\laravel\\framework\\src\\Illuminate\\Filesystem\\Filesystem.php(124): Illuminate\\Filesystem\\Filesystem::Illuminate\\Filesystem\\{closure}()
#7 C:\\laragon\\www\\mboabuy\\vendor\\laravel\\framework\\src\\Illuminate\\View\\Engines\\PhpEngine.php(58): Illuminate\\Filesystem\\Filesystem->getRequire('C:\\\\laragon\\\\www\\\\...', Array)
#8 C:\\laragon\\www\\mboabuy\\vendor\\laravel\\framework\\src\\Illuminate\\View\\Engines\\CompilerEngine.php(72): Illuminate\\View\\Engines\\PhpEngine->evaluatePath('C:\\\\laragon\\\\www\\\\...', Array)
#9 C:\\laragon\\www\\mboabuy\\vendor\\laravel\\framework\\src\\Illuminate\\View\\View.php(207): Illuminate\\View\\Engines\\CompilerEngine->get('C:\\\\laragon\\\\www\\\\...', Array)
#10 C:\\laragon\\www\\mboabuy\\vendor\\laravel\\framework\\src\\Illuminate\\View\\View.php(190): Illuminate\\View\\View->getContents()
#11 C:\\laragon\\www\\mboabuy\\vendor\\laravel\\framework\\src\\Illuminate\\View\\View.php(159): Illuminate\\View\\View->renderContents()
#12 C:\\laragon\\www\\mboabuy\\vendor\\laravel\\framework\\src\\Illuminate\\Http\\Response.php(69): Illuminate\\View\\View->render()
#13 C:\\laragon\\www\\mboabuy\\vendor\\laravel\\framework\\src\\Illuminate\\Http\\Response.php(35): Illuminate\\Http\\Response->setContent(Object(Illuminate\\View\\View))
#14 C:\\laragon\\www\\mboabuy\\vendor\\laravel\\framework\\src\\Illuminate\\Routing\\ResponseFactory.php(58): Illuminate\\Http\\Response->__construct(Object(Illuminate\\View\\View), 500, Array)
#15 C:\\laragon\\www\\mboabuy\\vendor\\laravel\\framework\\src\\Illuminate\\Routing\\ResponseFactory.php(88): Illuminate\\Routing\\ResponseFactory->make(Object(Illuminate\\View\\View), 500, Array)
#16 C:\\laragon\\www\\mboabuy\\vendor\\laravel\\framework\\src\\Illuminate\\Foundation\\Exceptions\\Handler.php(723): Illuminate\\Routing\\ResponseFactory->view('errors::500', Array, 500, Array)
#17 C:\\laragon\\www\\mboabuy\\vendor\\laravel\\framework\\src\\Illuminate\\Foundation\\Exceptions\\Handler.php(650): Illuminate\\Foundation\\Exceptions\\Handler->renderHttpException(Object(Symfony\\Component\\HttpKernel\\Exception\\HttpException))
#18 C:\\laragon\\www\\mboabuy\\vendor\\laravel\\framework\\src\\Illuminate\\Foundation\\Exceptions\\Handler.php(556): Illuminate\\Foundation\\Exceptions\\Handler->prepareResponse(Object(Illuminate\\Http\\Request), Object(Symfony\\Component\\HttpKernel\\Exception\\HttpException))
#19 C:\\laragon\\www\\mboabuy\\vendor\\laravel\\framework\\src\\Illuminate\\Foundation\\Exceptions\\Handler.php(473): Illuminate\\Foundation\\Exceptions\\Handler->renderExceptionResponse(Object(Illuminate\\Http\\Request), Object(InvalidArgumentException))
#20 C:\\laragon\\www\\mboabuy\\app\\Exceptions\\Handler.php(59): Illuminate\\Foundation\\Exceptions\\Handler->render(Object(Illuminate\\Http\\Request), Object(InvalidArgumentException))
#21 C:\\laragon\\www\\mboabuy\\vendor\\laravel\\framework\\src\\Illuminate\\Foundation\\Http\\Kernel.php(509): App\\Exceptions\\Handler->render(Object(Illuminate\\Http\\Request), Object(InvalidArgumentException))
#22 C:\\laragon\\www\\mboabuy\\vendor\\laravel\\framework\\src\\Illuminate\\Foundation\\Http\\Kernel.php(148): Illuminate\\Foundation\\Http\\Kernel->renderException(Object(Illuminate\\Http\\Request), Object(InvalidArgumentException))
#23 C:\\laragon\\www\\mboabuy\\index.php(56): Illuminate\\Foundation\\Http\\Kernel->handle(Object(Illuminate\\Http\\Request))
#24 {main}

[previous exception] [object] (InvalidArgumentException(code: 0): Cache store [cookie] is not defined. at C:\\laragon\\www\\mboabuy\\vendor\\laravel\\framework\\src\\Illuminate\\Cache\\CacheManager.php:88)
[stacktrace]
#0 C:\\laragon\\www\\mboabuy\\vendor\\laravel\\framework\\src\\Illuminate\\Cache\\CacheManager.php(61): Illuminate\\Cache\\CacheManager->resolve('cookie')
#1 C:\\laragon\\www\\mboabuy\\vendor\\laravel\\framework\\src\\Illuminate\\Cache\\CacheManager.php(429): Illuminate\\Cache\\CacheManager->store()
#2 C:\\laragon\\www\\mboabuy\\vendor\\laravel\\framework\\src\\Illuminate\\Support\\Facades\\Facade.php(355): Illuminate\\Cache\\CacheManager->__call('remember', Array)
#3 C:\\laragon\\www\\mboabuy\\app\\Http\\Helpers.php(1687): Illuminate\\Support\\Facades\\Facade::__callStatic('remember', Array)
#4 C:\\laragon\\www\\mboabuy\\storage\\framework\\views\\ee79c3f31f571677a0ddffda6461de6b.php(4): addon_is_activated('portfolio_syste...')
#5 C:\\laragon\\www\\mboabuy\\vendor\\laravel\\framework\\src\\Illuminate\\Filesystem\\Filesystem.php(123): require('C:\\\\laragon\\\\www\\\\...')
#6 C:\\laragon\\www\\mboabuy\\vendor\\laravel\\framework\\src\\Illuminate\\Filesystem\\Filesystem.php(124): Illuminate\\Filesystem\\Filesystem::Illuminate\\Filesystem\\{closure}()
#7 C:\\laragon\\www\\mboabuy\\vendor\\laravel\\framework\\src\\Illuminate\\View\\Engines\\PhpEngine.php(58): Illuminate\\Filesystem\\Filesystem->getRequire('C:\\\\laragon\\\\www\\\\...', Array)
#8 C:\\laragon\\www\\mboabuy\\vendor\\laravel\\framework\\src\\Illuminate\\View\\Engines\\CompilerEngine.php(72): Illuminate\\View\\Engines\\PhpEngine->evaluatePath('C:\\\\laragon\\\\www\\\\...', Array)
#9 C:\\laragon\\www\\mboabuy\\vendor\\laravel\\framework\\src\\Illuminate\\View\\View.php(207): Illuminate\\View\\Engines\\CompilerEngine->get('C:\\\\laragon\\\\www\\\\...', Array)
#10 C:\\laragon\\www\\mboabuy\\vendor\\laravel\\framework\\src\\Illuminate\\View\\View.php(190): Illuminate\\View\\View->getContents()
#11 C:\\laragon\\www\\mboabuy\\vendor\\laravel\\framework\\src\\Illuminate\\View\\View.php(159): Illuminate\\View\\View->renderContents()
#12 C:\\laragon\\www\\mboabuy\\vendor\\laravel\\framework\\src\\Illuminate\\Http\\Response.php(69): Illuminate\\View\\View->render()
#13 C:\\laragon\\www\\mboabuy\\vendor\\laravel\\framework\\src\\Illuminate\\Http\\Response.php(35): Illuminate\\Http\\Response->setContent(Object(Illuminate\\View\\View))
#14 C:\\laragon\\www\\mboabuy\\vendor\\laravel\\framework\\src\\Illuminate\\Routing\\ResponseFactory.php(58): Illuminate\\Http\\Response->__construct(Object(Illuminate\\View\\View), 500, Array)
#15 C:\\laragon\\www\\mboabuy\\vendor\\laravel\\framework\\src\\Illuminate\\Routing\\ResponseFactory.php(88): Illuminate\\Routing\\ResponseFactory->make(Object(Illuminate\\View\\View), 500, Array)
#16 C:\\laragon\\www\\mboabuy\\vendor\\laravel\\framework\\src\\Illuminate\\Foundation\\Exceptions\\Handler.php(723): Illuminate\\Routing\\ResponseFactory->view('errors::500', Array, 500, Array)
#17 C:\\laragon\\www\\mboabuy\\vendor\\laravel\\framework\\src\\Illuminate\\Foundation\\Exceptions\\Handler.php(650): Illuminate\\Foundation\\Exceptions\\Handler->renderHttpException(Object(Symfony\\Component\\HttpKernel\\Exception\\HttpException))
#18 C:\\laragon\\www\\mboabuy\\vendor\\laravel\\framework\\src\\Illuminate\\Foundation\\Exceptions\\Handler.php(556): Illuminate\\Foundation\\Exceptions\\Handler->prepareResponse(Object(Illuminate\\Http\\Request), Object(Symfony\\Component\\HttpKernel\\Exception\\HttpException))
#19 C:\\laragon\\www\\mboabuy\\vendor\\laravel\\framework\\src\\Illuminate\\Foundation\\Exceptions\\Handler.php(473): Illuminate\\Foundation\\Exceptions\\Handler->renderExceptionResponse(Object(Illuminate\\Http\\Request), Object(InvalidArgumentException))
#20 C:\\laragon\\www\\mboabuy\\app\\Exceptions\\Handler.php(59): Illuminate\\Foundation\\Exceptions\\Handler->render(Object(Illuminate\\Http\\Request), Object(InvalidArgumentException))
#21 C:\\laragon\\www\\mboabuy\\vendor\\laravel\\framework\\src\\Illuminate\\Foundation\\Http\\Kernel.php(509): App\\Exceptions\\Handler->render(Object(Illuminate\\Http\\Request), Object(InvalidArgumentException))
#22 C:\\laragon\\www\\mboabuy\\vendor\\laravel\\framework\\src\\Illuminate\\Foundation\\Http\\Kernel.php(148): Illuminate\\Foundation\\Http\\Kernel->renderException(Object(Illuminate\\Http\\Request), Object(InvalidArgumentException))
#23 C:\\laragon\\www\\mboabuy\\index.php(56): Illuminate\\Foundation\\Http\\Kernel->handle(Object(Illuminate\\Http\\Request))
#24 {main}
"} 
[2026-08-04 02:20:00] local.ERROR: Cache store [cookie] is not defined. {"userId":9,"exception":"[object] (InvalidArgumentException(code: 0): Cache store [cookie] is not defined. at C:\\laragon\\www\\mboabuy\\vendor\\laravel\\framework\\src\\Illuminate\\Cache\\CacheManager.php:88)
[stacktrace]
#0 C:\\laragon\\www\\mboabuy\\vendor\\laravel\\framework\\src\\Illuminate\\Cache\\CacheManager.php(61): Illuminate\\Cache\\CacheManager->resolve('cookie')
#1 C:\\laragon\\www\\mboabuy\\vendor\\spatie\\laravel-permission\\src\\PermissionRegistrar.php(96): Illuminate\\Cache\\CacheManager->store()
#2 C:\\laragon\\www\\mboabuy\\vendor\\spatie\\laravel-permission\\src\\PermissionRegistrar.php(85): Spatie\\Permission\\PermissionRegistrar->getCacheStoreFromConfig()
#3 C:\\laragon\\www\\mboabuy\\vendor\\spatie\\laravel-permission\\src\\PermissionRegistrar.php(70): Spatie\\Permission\\PermissionRegistrar->initializeCache()
#4 [internal function]: Spatie\\Permission\\PermissionRegistrar->__construct(Object(Illuminate\\Cache\\CacheManager))
#5 C:\\laragon\\www\\mboabuy\\vendor\\laravel\\framework\\src\\Illuminate\\Container\\Container.php(952): ReflectionClass->newInstanceArgs(Array)
#6 C:\\laragon\\www\\mboabuy\\vendor\\laravel\\framework\\src\\Illuminate\\Container\\Container.php(795): Illuminate\\Container\\Container->build('Spatie\\\\Permissi...')
#7 C:\\laragon\\www\\mboabuy\\vendor\\laravel\\framework\\src\\Illuminate\\Foundation\\Application.php(963): Illuminate\\Container\\Container->resolve('Spatie\\\\Permissi...', Array, true)
#8 C:\\laragon\\www\\mboabuy\\vendor\\laravel\\framework\\src\\Illuminate\\Container\\Container.php(731): Illuminate\\Foundation\\Application->resolve('Spatie\\\\Permissi...', Array)
#9 C:\\laragon\\www\\mboabuy\\vendor\\laravel\\framework\\src\\Illuminate\\Foundation\\Application.php(948): Illuminate\\Container\\Container->make('Spatie\\\\Permissi...', Array)
#10 C:\\laragon\\www\\mboabuy\\vendor\\laravel\\framework\\src\\Illuminate\\Container\\BoundMethod.php(181): Illuminate\\Foundation\\Application->make('Spatie\\\\Permissi...')
#11 C:\\laragon\\www\\mboabuy\\vendor\\laravel\\framework\\src\\Illuminate\\Container\\BoundMethod.php(124): Illuminate\\Container\\BoundMethod::addDependencyForCallParameter(Object(Illuminate\\Foundation\\Application), Object(ReflectionParameter), Array, Array)
#12 C:\\laragon\\www\\mboabuy\\vendor\\laravel\\framework\\src\\Illuminate\\Container\\BoundMethod.php(36): Illuminate\\Container\\BoundMethod::getMethodDependencies(Object(Illuminate\\Foundation\\Application), Array, Array)
#13 C:\\laragon\\www\\mboabuy\\vendor\\laravel\\framework\\src\\Illuminate\\Container\\Util.php(41): Illuminate\\Container\\BoundMethod::Illuminate\\Container\\{closure}()
#14 C:\\laragon\\www\\mboabuy\\vendor\\laravel\\framework\\src\\Illuminate\\Container\\BoundMethod.php(93): Illuminate\\Container\\Util::unwrapIfClosure(Object(Closure))
#15 C:\\laragon\\www\\mboabuy\\vendor\\laravel\\framework\\src\\Illuminate\\Container\\BoundMethod.php(35): Illuminate\\Container\\BoundMethod::callBoundMethod(Object(Illuminate\\Foundation\\Application), Array, Object(Closure))
#16 C:\\laragon\\www\\mboabuy\\vendor\\laravel\\framework\\src\\Illuminate\\Container\\Container.php(662): Illuminate\\Container\\BoundMethod::call(Object(Illuminate\\Foundation\\Application), Array, Array, NULL)
#17 C:\\laragon\\www\\mboabuy\\vendor\\laravel\\framework\\src\\Illuminate\\Foundation\\Application.php(1036): Illuminate\\Container\\Container->call(Array)
#18 C:\\laragon\\www\\mboabuy\\vendor\\laravel\\framework\\src\\Illuminate\\Foundation\\Application.php(1017): Illuminate\\Foundation\\Application->bootProvider(Object(Spatie\\Permission\\PermissionServiceProvider))
#19 [internal function]: Illuminate\\Foundation\\Application->Illuminate\\Foundation\\{closure}(Object(Spatie\\Permission\\PermissionServiceProvider), 37)
#20 C:\\laragon\\www\\mboabuy\\vendor\\laravel\\framework\\src\\Illuminate\\Foundation\\Application.php(1016): array_walk(Array, Object(Closure))
#21 C:\\laragon\\www\\mboabuy\\vendor\\laravel\\framework\\src\\Illuminate\\Foundation\\Bootstrap\\BootProviders.php(17): Illuminate\\Foundation\\Application->boot()
#22 C:\\laragon\\www\\mboabuy\\vendor\\laravel\\framework\\src\\Illuminate\\Foundation\\Application.php(263): Illuminate\\Foundation\\Bootstrap\\BootProviders->bootstrap(Object(Illuminate\\Foundation\\Application))
#23 C:\\laragon\\www\\mboabuy\\vendor\\laravel\\framework\\src\\Illuminate\\Foundation\\Http\\Kernel.php(186): Illuminate\\Foundation\\Application->bootstrapWith(Array)
#24 C:\\laragon\\www\\mboabuy\\vendor\\laravel\\framework\\src\\Illuminate\\Foundation\\Http\\Kernel.php(170): Illuminate\\Foundation\\Http\\Kernel->bootstrap()
#25 C:\\laragon\\www\\mboabuy\\vendor\\laravel\\framework\\src\\Illuminate\\Foundation\\Http\\Kernel.php(144): Illuminate\\Foundation\\Http\\Kernel->sendRequestThroughRouter(Object(Illuminate\\Http\\Request))
#26 C:\\laragon\\www\\mboabuy\\index.php(56): Illuminate\\Foundation\\Http\\Kernel->handle(Object(Illuminate\\Http\\Request))
#27 {main}
"} 
[2026-08-04 02:21:17] local.ERROR: SQLSTATE[42S02]: Base table or view not found: 1146 Table 'mboabuy.sessions' doesn't exist (Connection: mysql, SQL: select * from `sessions` where `id` = 826lhFXtaUgGKJG2J9SVF1BV6OUNpnEaGR1sCVNW limit 1) {"exception":"[object] (Illuminate\\Database\\QueryException(code: 42S02): SQLSTATE[42S02]: Base table or view not found: 1146 Table 'mboabuy.sessions' doesn't exist (Connection: mysql, SQL: select * from `sessions` where `id` = 826lhFXtaUgGKJG2J9SVF1BV6OUNpnEaGR1sCVNW limit 1) at C:\\laragon\\www\\mboabuy\\vendor\\laravel\\framework\\src\\Illuminate\\Database\\Connection.php:829)
[stacktrace]
#0 C:\\laragon\\www\\mboabuy\\vendor\\laravel\\framework\\src\\Illuminate\\Database\\Connection.php(783): Illuminate\\Database\\Connection->runQueryCallback('select * from `...', Array, Object(Closure))
#1 C:\\laragon\\www\\mboabuy\\vendor\\laravel\\framework\\src\\Illuminate\\Database\\Connection.php(414): Illuminate\\Database\\Connection->run('select * from `...', Array, Object(Closure))
#2 C:\\laragon\\www\\mboabuy\\vendor\\laravel\\framework\\src\\Illuminate\\Database\\Query\\Builder.php(2913): Illuminate\\Database\\Connection->select('select * from `...', Array, true)
#3 C:\\laragon\\www\\mboabuy\\vendor\\laravel\\framework\\src\\Illuminate\\Database\\Query\\Builder.php(2902): Illuminate\\Database\\Query\\Builder->runSelect()
#4 C:\\laragon\\www\\mboabuy\\vendor\\laravel\\framework\\src\\Illuminate\\Database\\Query\\Builder.php(3456): Illuminate\\Database\\Query\\Builder->Illuminate\\Database\\Query\\{closure}()
#5 C:\\laragon\\www\\mboabuy\\vendor\\laravel\\framework\\src\\Illuminate\\Database\\Query\\Builder.php(2901): Illuminate\\Database\\Query\\Builder->onceWithColumns(Array, Object(Closure))
#6 C:\\laragon\\www\\mboabuy\\vendor\\laravel\\framework\\src\\Illuminate\\Database\\Concerns\\BuildsQueries.php(333): Illuminate\\Database\\Query\\Builder->get(Array)
#7 C:\\laragon\\www\\mboabuy\\vendor\\laravel\\framework\\src\\Illuminate\\Database\\Query\\Builder.php(2824): Illuminate\\Database\\Query\\Builder->first(Array)
#8 C:\\laragon\\www\\mboabuy\\vendor\\laravel\\framework\\src\\Illuminate\\Session\\DatabaseSessionHandler.php(97): Illuminate\\Database\\Query\\Builder->find('826lhFXtaUgGKJG...')
#9 C:\\laragon\\www\\mboabuy\\vendor\\laravel\\framework\\src\\Illuminate\\Session\\Store.php(113): Illuminate\\Session\\DatabaseSessionHandler->read('826lhFXtaUgGKJG...')
#10 C:\\laragon\\www\\mboabuy\\vendor\\laravel\\framework\\src\\Illuminate\\Session\\Store.php(101): Illuminate\\Session\\Store->readFromHandler()
#11 C:\\laragon\\www\\mboabuy\\vendor\\laravel\\framework\\src\\Illuminate\\Session\\Store.php(85): Illuminate\\Session\\Store->loadSession()
#12 C:\\laragon\\www\\mboabuy\\vendor\\laravel\\framework\\src\\Illuminate\\Session\\Middleware\\StartSession.php(147): Illuminate\\Session\\Store->start()
#13 C:\\laragon\\www\\mboabuy\\vendor\\laravel\\framework\\src\\Illuminate\\Support\\helpers.php(307): Illuminate\\Session\\Middleware\\StartSession->Illuminate\\Session\\Middleware\\{closure}(Object(Illuminate\\Session\\Store))
#14 C:\\laragon\\www\\mboabuy\\vendor\\laravel\\framework\\src\\Illuminate\\Session\\Middleware\\StartSession.php(144): tap(Object(Illuminate\\Session\\Store), Object(Closure))
#15 C:\\laragon\\www\\mboabuy\\vendor\\laravel\\framework\\src\\Illuminate\\Session\\Middleware\\StartSession.php(116): Illuminate\\Session\\Middleware\\StartSession->startSession(Object(Illuminate\\Http\\Request), Object(Illuminate\\Session\\Store))
#16 C:\\laragon\\www\\mboabuy\\vendor\\laravel\\framework\\src\\Illuminate\\Session\\Middleware\\StartSession.php(64): Illuminate\\Session\\Middleware\\StartSession->handleStatefulRequest(Object(Illuminate\\Http\\Request), Object(Illuminate\\Session\\Store), Object(Closure))
#17 C:\\laragon\\www\\mboabuy\\vendor\\laravel\\framework\\src\\Illuminate\\Pipeline\\Pipeline.php(183): Illuminate\\Session\\Middleware\\StartSession->handle(Object(Illuminate\\Http\\Request), Object(Closure))
#18 C:\\laragon\\www\\mboabuy\\vendor\\laravel\\framework\\src\\Illuminate\\Http\\Middleware\\TrustProxies.php(39): Illuminate\\Pipeline\\Pipeline->Illuminate\\Pipeline\\{closure}(Object(Illuminate\\Http\\Request))
#19 C:\\laragon\\www\\mboabuy\\vendor\\laravel\\framework\\src\\Illuminate\\Pipeline\\Pipeline.php(183): Illuminate\\Http\\Middleware\\TrustProxies->handle(Object(Illuminate\\Http\\Request), Object(Closure))
#20 C:\\laragon\\www\\mboabuy\\vendor\\laravel\\framework\\src\\Illuminate\\Foundation\\Http\\Middleware\\TransformsRequest.php(21): Illuminate\\Pipeline\\Pipeline->Illuminate\\Pipeline\\{closure}(Object(Illuminate\\Http\\Request))
#21 C:\\laragon\\www\\mboabuy\\vendor\\laravel\\framework\\src\\Illuminate\\Foundation\\Http\\Middleware\\ConvertEmptyStringsToNull.php(31): Illuminate\\Foundation\\Http\\Middleware\\TransformsRequest->handle(Object(Illuminate\\Http\\Request), Object(Closure))
#22 C:\\laragon\\www\\mboabuy\\vendor\\laravel\\framework\\src\\Illuminate\\Pipeline\\Pipeline.php(183): Illuminate\\Foundation\\Http\\Middleware\\ConvertEmptyStringsToNull->handle(Object(Illuminate\\Http\\Request), Object(Closure))
#23 C:\\laragon\\www\\mboabuy\\vendor\\laravel\\framework\\src\\Illuminate\\Foundation\\Http\\Middleware\\TransformsRequest.php(21): Illuminate\\Pipeline\\Pipeline->Illuminate\\Pipeline\\{closure}(Object(Illuminate\\Http\\Request))
#24 C:\\laragon\\www\\mboabuy\\vendor\\laravel\\framework\\src\\Illuminate\\Foundation\\Http\\Middleware\\TrimStrings.php(40): Illuminate\\Foundation\\Http\\Middleware\\TransformsRequest->handle(Object(Illuminate\\Http\\Request), Object(Closure))
#25 C:\\laragon\\www\\mboabuy\\vendor\\laravel\\framework\\src\\Illuminate\\Pipeline\\Pipeline.php(183): Illuminate\\Foundation\\Http\\Middleware\\TrimStrings->handle(Object(Illuminate\\Http\\Request), Object(Closure))
#26 C:\\laragon\\www\\mboabuy\\vendor\\laravel\\framework\\src\\Illuminate\\Foundation\\Http\\Middleware\\ValidatePostSize.php(27): Illuminate\\Pipeline\\Pipeline->Illuminate\\Pipeline\\{closure}(Object(Illuminate\\Http\\Request))
#27 C:\\laragon\\www\\mboabuy\\vendor\\laravel\\framework\\src\\Illuminate\\Pipeline\\Pipeline.php(183): Illuminate\\Foundation\\Http\\Middleware\\ValidatePostSize->handle(Object(Illuminate\\Http\\Request), Object(Closure))
#28 C:\\laragon\\www\\mboabuy\\vendor\\laravel\\framework\\src\\Illuminate\\Pipeline\\Pipeline.php(119): Illuminate\\Pipeline\\Pipeline->Illuminate\\Pipeline\\{closure}(Object(Illuminate\\Http\\Request))
#29 C:\\laragon\\www\\mboabuy\\vendor\\laravel\\framework\\src\\Illuminate\\Foundation\\Http\\Kernel.php(175): Illuminate\\Pipeline\\Pipeline->then(Object(Closure))
#30 C:\\laragon\\www\\mboabuy\\vendor\\laravel\\framework\\src\\Illuminate\\Foundation\\Http\\Kernel.php(144): Illuminate\\Foundation\\Http\\Kernel->sendRequestThroughRouter(Object(Illuminate\\Http\\Request))
#31 C:\\laragon\\www\\mboabuy\\index.php(56): Illuminate\\Foundation\\Http\\Kernel->handle(Object(Illuminate\\Http\\Request))
#32 {main}

[previous exception] [object] (PDOException(code: 42S02): SQLSTATE[42S02]: Base table or view not found: 1146 Table 'mboabuy.sessions' doesn't exist at C:\\laragon\\www\\mboabuy\\vendor\\laravel\\framework\\src\\Illuminate\\Database\\Connection.php:423)
[stacktrace]
#0 C:\\laragon\\www\\mboabuy\\vendor\\laravel\\framework\\src\\Illuminate\\Database\\Connection.php(423): PDO->prepare('select * from `...')
#1 C:\\laragon\\www\\mboabuy\\vendor\\laravel\\framework\\src\\Illuminate\\Database\\Connection.php(816): Illuminate\\Database\\Connection->Illuminate\\Database\\{closure}('select * from `...', Array)
#2 C:\\laragon\\www\\mboabuy\\vendor\\laravel\\framework\\src\\Illuminate\\Database\\Connection.php(783): Illuminate\\Database\\Connection->runQueryCallback('select * from `...', Array, Object(Closure))
#3 C:\\laragon\\www\\mboabuy\\vendor\\laravel\\framework\\src\\Illuminate\\Database\\Connection.php(414): Illuminate\\Database\\Connection->run('select * from `...', Array, Object(Closure))
#4 C:\\laragon\\www\\mboabuy\\vendor\\laravel\\framework\\src\\Illuminate\\Database\\Query\\Builder.php(2913): Illuminate\\Database\\Connection->select('select * from `...', Array, true)
#5 C:\\laragon\\www\\mboabuy\\vendor\\laravel\\framework\\src\\Illuminate\\Database\\Query\\Builder.php(2902): Illuminate\\Database\\Query\\Builder->runSelect()
#6 C:\\laragon\\www\\mboabuy\\vendor\\laravel\\framework\\src\\Illuminate\\Database\\Query\\Builder.php(3456): Illuminate\\Database\\Query\\Builder->Illuminate\\Database\\Query\\{closure}()
#7 C:\\laragon\\www\\mboabuy\\vendor\\laravel\\framework\\src\\Illuminate\\Database\\Query\\Builder.php(2901): Illuminate\\Database\\Query\\Builder->onceWithColumns(Array, Object(Closure))
#8 C:\\laragon\\www\\mboabuy\\vendor\\laravel\\framework\\src\\Illuminate\\Database\\Concerns\\BuildsQueries.php(333): Illuminate\\Database\\Query\\Builder->get(Array)
#9 C:\\laragon\\www\\mboabuy\\vendor\\laravel\\framework\\src\\Illuminate\\Database\\Query\\Builder.php(2824): Illuminate\\Database\\Query\\Builder->first(Array)
#10 C:\\laragon\\www\\mboabuy\\vendor\\laravel\\framework\\src\\Illuminate\\Session\\DatabaseSessionHandler.php(97): Illuminate\\Database\\Query\\Builder->find('826lhFXtaUgGKJG...')
#11 C:\\laragon\\www\\mboabuy\\vendor\\laravel\\framework\\src\\Illuminate\\Session\\Store.php(113): Illuminate\\Session\\DatabaseSessionHandler->read('826lhFXtaUgGKJG...')
#12 C:\\laragon\\www\\mboabuy\\vendor\\laravel\\framework\\src\\Illuminate\\Session\\Store.php(101): Illuminate\\Session\\Store->readFromHandler()
#13 C:\\laragon\\www\\mboabuy\\vendor\\laravel\\framework\\src\\Illuminate\\Session\\Store.php(85): Illuminate\\Session\\Store->loadSession()
#14 C:\\laragon\\www\\mboabuy\\vendor\\laravel\\framework\\src\\Illuminate\\Session\\Middleware\\StartSession.php(147): Illuminate\\Session\\Store->start()
#15 C:\\laragon\\www\\mboabuy\\vendor\\laravel\\framework\\src\\Illuminate\\Support\\helpers.php(307): Illuminate\\Session\\Middleware\\StartSession->Illuminate\\Session\\Middleware\\{closure}(Object(Illuminate\\Session\\Store))
#16 C:\\laragon\\www\\mboabuy\\vendor\\laravel\\framework\\src\\Illuminate\\Session\\Middleware\\StartSession.php(144): tap(Object(Illuminate\\Session\\Store), Object(Closure))
#17 C:\\laragon\\www\\mboabuy\\vendor\\laravel\\framework\\src\\Illuminate\\Session\\Middleware\\StartSession.php(116): Illuminate\\Session\\Middleware\\StartSession->startSession(Object(Illuminate\\Http\\Request), Object(Illuminate\\Session\\Store))
#18 C:\\laragon\\www\\mboabuy\\vendor\\laravel\\framework\\src\\Illuminate\\Session\\Middleware\\StartSession.php(64): Illuminate\\Session\\Middleware\\StartSession->handleStatefulRequest(Object(Illuminate\\Http\\Request), Object(Illuminate\\Session\\Store), Object(Closure))
#19 C:\\laragon\\www\\mboabuy\\vendor\\laravel\\framework\\src\\Illuminate\\Pipeline\\Pipeline.php(183): Illuminate\\Session\\Middleware\\StartSession->handle(Object(Illuminate\\Http\\Request), Object(Closure))
#20 C:\\laragon\\www\\mboabuy\\vendor\\laravel\\framework\\src\\Illuminate\\Http\\Middleware\\TrustProxies.php(39): Illuminate\\Pipeline\\Pipeline->Illuminate\\Pipeline\\{closure}(Object(Illuminate\\Http\\Request))
#21 C:\\laragon\\www\\mboabuy\\vendor\\laravel\\framework\\src\\Illuminate\\Pipeline\\Pipeline.php(183): Illuminate\\Http\\Middleware\\TrustProxies->handle(Object(Illuminate\\Http\\Request), Object(Closure))
#22 C:\\laragon\\www\\mboabuy\\vendor\\laravel\\framework\\src\\Illuminate\\Foundation\\Http\\Middleware\\TransformsRequest.php(21): Illuminate\\Pipeline\\Pipeline->Illuminate\\Pipeline\\{closure}(Object(Illuminate\\Http\\Request))
#23 C:\\laragon\\www\\mboabuy\\vendor\\laravel\\framework\\src\\Illuminate\\Foundation\\Http\\Middleware\\ConvertEmptyStringsToNull.php(31): Illuminate\\Foundation\\Http\\Middleware\\TransformsRequest->handle(Object(Illuminate\\Http\\Request), Object(Closure))
#24 C:\\laragon\\www\\mboabuy\\vendor\\laravel\\framework\\src\\Illuminate\\Pipeline\\Pipeline.php(183): Illuminate\\Foundation\\Http\\Middleware\\ConvertEmptyStringsToNull->handle(Object(Illuminate\\Http\\Request), Object(Closure))
#25 C:\\laragon\\www\\mboabuy\\vendor\\laravel\\framework\\src\\Illuminate\\Foundation\\Http\\Middleware\\TransformsRequest.php(21): Illuminate\\Pipeline\\Pipeline->Illuminate\\Pipeline\\{closure}(Object(Illuminate\\Http\\Request))
#26 C:\\laragon\\www\\mboabuy\\vendor\\laravel\\framework\\src\\Illuminate\\Foundation\\Http\\Middleware\\TrimStrings.php(40): Illuminate\\Foundation\\Http\\Middleware\\TransformsRequest->handle(Object(Illuminate\\Http\\Request), Object(Closure))
#27 C:\\laragon\\www\\mboabuy\\vendor\\laravel\\framework\\src\\Illuminate\\Pipeline\\Pipeline.php(183): Illuminate\\Foundation\\Http\\Middleware\\TrimStrings->handle(Object(Illuminate\\Http\\Request), Object(Closure))
#28 C:\\laragon\\www\\mboabuy\\vendor\\laravel\\framework\\src\\Illuminate\\Foundation\\Http\\Middleware\\ValidatePostSize.php(27): Illuminate\\Pipeline\\Pipeline->Illuminate\\Pipeline\\{closure}(Object(Illuminate\\Http\\Request))
#29 C:\\laragon\\www\\mboabuy\\vendor\\laravel\\framework\\src\\Illuminate\\Pipeline\\Pipeline.php(183): Illuminate\\Foundation\\Http\\Middleware\\ValidatePostSize->handle(Object(Illuminate\\Http\\Request), Object(Closure))
#30 C:\\laragon\\www\\mboabuy\\vendor\\laravel\\framework\\src\\Illuminate\\Pipeline\\Pipeline.php(119): Illuminate\\Pipeline\\Pipeline->Illuminate\\Pipeline\\{closure}(Object(Illuminate\\Http\\Request))
#31 C:\\laragon\\www\\mboabuy\\vendor\\laravel\\framework\\src\\Illuminate\\Foundation\\Http\\Kernel.php(175): Illuminate\\Pipeline\\Pipeline->then(Object(Closure))
#32 C:\\laragon\\www\\mboabuy\\vendor\\laravel\\framework\\src\\Illuminate\\Foundation\\Http\\Kernel.php(144): Illuminate\\Foundation\\Http\\Kernel->sendRequestThroughRouter(Object(Illuminate\\Http\\Request))
#33 C:\\laragon\\www\\mboabuy\\index.php(56): Illuminate\\Foundation\\Http\\Kernel->handle(Object(Illuminate\\Http\\Request))
#34 {main}
"} 
[2026-08-04 02:21:20] local.ERROR: SQLSTATE[42S02]: Base table or view not found: 1146 Table 'mboabuy.sessions' doesn't exist (Connection: mysql, SQL: select * from `sessions` where `id` = YHAMeufnmfnp4ZcLzTBTWwcdsaqHlSc4ZzEqscBD limit 1) {"exception":"[object] (Illuminate\\Database\\QueryException(code: 42S02): SQLSTATE[42S02]: Base table or view not found: 1146 Table 'mboabuy.sessions' doesn't exist (Connection: mysql, SQL: select * from `sessions` where `id` = YHAMeufnmfnp4ZcLzTBTWwcdsaqHlSc4ZzEqscBD limit 1) at C:\\laragon\\www\\mboabuy\\vendor\\laravel\\framework\\src\\Illuminate\\Database\\Connection.php:829)
[stacktrace]
#0 C:\\laragon\\www\\mboabuy\\vendor\\laravel\\framework\\src\\Illuminate\\Database\\Connection.php(783): Illuminate\\Database\\Connection->runQueryCallback('select * from `...', Array, Object(Closure))
#1 C:\\laragon\\www\\mboabuy\\vendor\\laravel\\framework\\src\\Illuminate\\Database\\Connection.php(414): Illuminate\\Database\\Connection->run('select * from `...', Array, Object(Closure))
#2 C:\\laragon\\www\\mboabuy\\vendor\\laravel\\framework\\src\\Illuminate\\Database\\Query\\Builder.php(2913): Illuminate\\Database\\Connection->select('select * from `...', Array, true)
#3 C:\\laragon\\www\\mboabuy\\vendor\\laravel\\framework\\src\\Illuminate\\Database\\Query\\Builder.php(2902): Illuminate\\Database\\Query\\Builder->runSelect()
#4 C:\\laragon\\www\\mboabuy\\vendor\\laravel\\framework\\src\\Illuminate\\Database\\Query\\Builder.php(3456): Illuminate\\Database\\Query\\Builder->Illuminate\\Database\\Query\\{closure}()
#5 C:\\laragon\\www\\mboabuy\\vendor\\laravel\\framework\\src\\Illuminate\\Database\\Query\\Builder.php(2901): Illuminate\\Database\\Query\\Builder->onceWithColumns(Array, Object(Closure))
#6 C:\\laragon\\www\\mboabuy\\vendor\\laravel\\framework\\src\\Illuminate\\Database\\Concerns\\BuildsQueries.php(333): Illuminate\\Database\\Query\\Builder->get(Array)
#7 C:\\laragon\\www\\mboabuy\\vendor\\laravel\\framework\\src\\Illuminate\\Database\\Query\\Builder.php(2824): Illuminate\\Database\\Query\\Builder->first(Array)
#8 C:\\laragon\\www\\mboabuy\\vendor\\laravel\\framework\\src\\Illuminate\\Session\\DatabaseSessionHandler.php(97): Illuminate\\Database\\Query\\Builder->find('YHAMeufnmfnp4Zc...')
#9 C:\\laragon\\www\\mboabuy\\vendor\\laravel\\framework\\src\\Illuminate\\Session\\Store.php(113): Illuminate\\Session\\DatabaseSessionHandler->read('YHAMeufnmfnp4Zc...')
#10 C:\\laragon\\www\\mboabuy\\vendor\\laravel\\framework\\src\\Illuminate\\Session\\Store.php(101): Illuminate\\Session\\Store->readFromHandler()
#11 C:\\laragon\\www\\mboabuy\\vendor\\laravel\\framework\\src\\Illuminate\\Session\\Store.php(85): Illuminate\\Session\\Store->loadSession()
#12 C:\\laragon\\www\\mboabuy\\vendor\\laravel\\framework\\src\\Illuminate\\Session\\Middleware\\StartSession.php(147): Illuminate\\Session\\Store->start()
#13 C:\\laragon\\www\\mboabuy\\vendor\\laravel\\framework\\src\\Illuminate\\Support\\helpers.php(307): Illuminate\\Session\\Middleware\\StartSession->Illuminate\\Session\\Middleware\\{closure}(Object(Illuminate\\Session\\Store))
#14 C:\\laragon\\www\\mboabuy\\vendor\\laravel\\framework\\src\\Illuminate\\Session\\Middleware\\StartSession.php(144): tap(Object(Illuminate\\Session\\Store), Object(Closure))
#15 C:\\laragon\\www\\mboabuy\\vendor\\laravel\\framework\\src\\Illuminate\\Session\\Middleware\\StartSession.php(116): Illuminate\\Session\\Middleware\\StartSession->startSession(Object(Illuminate\\Http\\Request), Object(Illuminate\\Session\\Store))
#16 C:\\laragon\\www\\mboabuy\\vendor\\laravel\\framework\\src\\Illuminate\\Session\\Middleware\\StartSession.php(64): Illuminate\\Session\\Middleware\\StartSession->handleStatefulRequest(Object(Illuminate\\Http\\Request), Object(Illuminate\\Session\\Store), Object(Closure))
#17 C:\\laragon\\www\\mboabuy\\vendor\\laravel\\framework\\src\\Illuminate\\Pipeline\\Pipeline.php(183): Illuminate\\Session\\Middleware\\StartSession->handle(Object(Illuminate\\Http\\Request), Object(Closure))
#18 C:\\laragon\\www\\mboabuy\\vendor\\laravel\\framework\\src\\Illuminate\\Http\\Middleware\\TrustProxies.php(39): Illuminate\\Pipeline\\Pipeline->Illuminate\\Pipeline\\{closure}(Object(Illuminate\\Http\\Request))
#19 C:\\laragon\\www\\mboabuy\\vendor\\laravel\\framework\\src\\Illuminate\\Pipeline\\Pipeline.php(183): Illuminate\\Http\\Middleware\\TrustProxies->handle(Object(Illuminate\\Http\\Request), Object(Closure))
#20 C:\\laragon\\www\\mboabuy\\vendor\\laravel\\framework\\src\\Illuminate\\Foundation\\Http\\Middleware\\TransformsRequest.php(21): Illuminate\\Pipeline\\Pipeline->Illuminate\\Pipeline\\{closure}(Object(Illuminate\\Http\\Request))
#21 C:\\laragon\\www\\mboabuy\\vendor\\laravel\\framework\\src\\Illuminate\\Foundation\\Http\\Middleware\\ConvertEmptyStringsToNull.php(31): Illuminate\\Foundation\\Http\\Middleware\\TransformsRequest->handle(Object(Illuminate\\Http\\Request), Object(Closure))
#22 C:\\laragon\\www\\mboabuy\\vendor\\laravel\\framework\\src\\Illuminate\\Pipeline\\Pipeline.php(183): Illuminate\\Foundation\\Http\\Middleware\\ConvertEmptyStringsToNull->handle(Object(Illuminate\\Http\\Request), Object(Closure))
#23 C:\\laragon\\www\\mboabuy\\vendor\\laravel\\framework\\src\\Illuminate\\Foundation\\Http\\Middleware\\TransformsRequest.php(21): Illuminate\\Pipeline\\Pipeline->Illuminate\\Pipeline\\{closure}(Object(Illuminate\\Http\\Request))
#24 C:\\laragon\\www\\mboabuy\\vendor\\laravel\\framework\\src\\Illuminate\\Foundation\\Http\\Middleware\\TrimStrings.php(40): Illuminate\\Foundation\\Http\\Middleware\\TransformsRequest->handle(Object(Illuminate\\Http\\Request), Object(Closure))
#25 C:\\laragon\\www\\mboabuy\\vendor\\laravel\\framework\\src\\Illuminate\\Pipeline\\Pipeline.php(183): Illuminate\\Foundation\\Http\\Middleware\\TrimStrings->handle(Object(Illuminate\\Http\\Request), Object(Closure))
#26 C:\\laragon\\www\\mboabuy\\vendor\\laravel\\framework\\src\\Illuminate\\Foundation\\Http\\Middleware\\ValidatePostSize.php(27): Illuminate\\Pipeline\\Pipeline->Illuminate\\Pipeline\\{closure}(Object(Illuminate\\Http\\Request))
#27 C:\\laragon\\www\\mboabuy\\vendor\\laravel\\framework\\src\\Illuminate\\Pipeline\\Pipeline.php(183): Illuminate\\Foundation\\Http\\Middleware\\ValidatePostSize->handle(Object(Illuminate\\Http\\Request), Object(Closure))
#28 C:\\laragon\\www\\mboabuy\\vendor\\laravel\\framework\\src\\Illuminate\\Pipeline\\Pipeline.php(119): Illuminate\\Pipeline\\Pipeline->Illuminate\\Pipeline\\{closure}(Object(Illuminate\\Http\\Request))
#29 C:\\laragon\\www\\mboabuy\\vendor\\laravel\\framework\\src\\Illuminate\\Foundation\\Http\\Kernel.php(175): Illuminate\\Pipeline\\Pipeline->then(Object(Closure))
#30 C:\\laragon\\www\\mboabuy\\vendor\\laravel\\framework\\src\\Illuminate\\Foundation\\Http\\Kernel.php(144): Illuminate\\Foundation\\Http\\Kernel->sendRequestThroughRouter(Object(Illuminate\\Http\\Request))
#31 C:\\laragon\\www\\mboabuy\\index.php(56): Illuminate\\Foundation\\Http\\Kernel->handle(Object(Illuminate\\Http\\Request))
#32 {main}

[previous exception] [object] (PDOException(code: 42S02): SQLSTATE[42S02]: Base table or view not found: 1146 Table 'mboabuy.sessions' doesn't exist at C:\\laragon\\www\\mboabuy\\vendor\\laravel\\framework\\src\\Illuminate\\Database\\Connection.php:423)
[stacktrace]
#0 C:\\laragon\\www\\mboabuy\\vendor\\laravel\\framework\\src\\Illuminate\\Database\\Connection.php(423): PDO->prepare('select * from `...')
#1 C:\\laragon\\www\\mboabuy\\vendor\\laravel\\framework\\src\\Illuminate\\Database\\Connection.php(816): Illuminate\\Database\\Connection->Illuminate\\Database\\{closure}('select * from `...', Array)
#2 C:\\laragon\\www\\mboabuy\\vendor\\laravel\\framework\\src\\Illuminate\\Database\\Connection.php(783): Illuminate\\Database\\Connection->runQueryCallback('select * from `...', Array, Object(Closure))
#3 C:\\laragon\\www\\mboabuy\\vendor\\laravel\\framework\\src\\Illuminate\\Database\\Connection.php(414): Illuminate\\Database\\Connection->run('select * from `...', Array, Object(Closure))
#4 C:\\laragon\\www\\mboabuy\\vendor\\laravel\\framework\\src\\Illuminate\\Database\\Query\\Builder.php(2913): Illuminate\\Database\\Connection->select('select * from `...', Array, true)
#5 C:\\laragon\\www\\mboabuy\\vendor\\laravel\\framework\\src\\Illuminate\\Database\\Query\\Builder.php(2902): Illuminate\\Database\\Query\\Builder->runSelect()
#6 C:\\laragon\\www\\mboabuy\\vendor\\laravel\\framework\\src\\Illuminate\\Database\\Query\\Builder.php(3456): Illuminate\\Database\\Query\\Builder->Illuminate\\Database\\Query\\{closure}()
#7 C:\\laragon\\www\\mboabuy\\vendor\\laravel\\framework\\src\\Illuminate\\Database\\Query\\Builder.php(2901): Illuminate\\Database\\Query\\Builder->onceWithColumns(Array, Object(Closure))
#8 C:\\laragon\\www\\mboabuy\\vendor\\laravel\\framework\\src\\Illuminate\\Database\\Concerns\\BuildsQueries.php(333): Illuminate\\Database\\Query\\Builder->get(Array)
#9 C:\\laragon\\www\\mboabuy\\vendor\\laravel\\framework\\src\\Illuminate\\Database\\Query\\Builder.php(2824): Illuminate\\Database\\Query\\Builder->first(Array)
#10 C:\\laragon\\www\\mboabuy\\vendor\\laravel\\framework\\src\\Illuminate\\Session\\DatabaseSessionHandler.php(97): Illuminate\\Database\\Query\\Builder->find('YHAMeufnmfnp4Zc...')
#11 C:\\laragon\\www\\mboabuy\\vendor\\laravel\\framework\\src\\Illuminate\\Session\\Store.php(113): Illuminate\\Session\\DatabaseSessionHandler->read('YHAMeufnmfnp4Zc...')
#12 C:\\laragon\\www\\mboabuy\\vendor\\laravel\\framework\\src\\Illuminate\\Session\\Store.php(101): Illuminate\\Session\\Store->readFromHandler()
#13 C:\\laragon\\www\\mboabuy\\vendor\\laravel\\framework\\src\\Illuminate\\Session\\Store.php(85): Illuminate\\Session\\Store->loadSession()
#14 C:\\laragon\\www\\mboabuy\\vendor\\laravel\\framework\\src\\Illuminate\\Session\\Middleware\\StartSession.php(147): Illuminate\\Session\\Store->start()
#15 C:\\laragon\\www\\mboabuy\\vendor\\laravel\\framework\\src\\Illuminate\\Support\\helpers.php(307): Illuminate\\Session\\Middleware\\StartSession->Illuminate\\Session\\Middleware\\{closure}(Object(Illuminate\\Session\\Store))
#16 C:\\laragon\\www\\mboabuy\\vendor\\laravel\\framework\\src\\Illuminate\\Session\\Middleware\\StartSession.php(144): tap(Object(Illuminate\\Session\\Store), Object(Closure))
#17 C:\\laragon\\www\\mboabuy\\vendor\\laravel\\framework\\src\\Illuminate\\Session\\Middleware\\StartSession.php(116): Illuminate\\Session\\Middleware\\StartSession->startSession(Object(Illuminate\\Http\\Request), Object(Illuminate\\Session\\Store))
#18 C:\\laragon\\www\\mboabuy\\vendor\\laravel\\framework\\src\\Illuminate\\Session\\Middleware\\StartSession.php(64): Illuminate\\Session\\Middleware\\StartSession->handleStatefulRequest(Object(Illuminate\\Http\\Request), Object(Illuminate\\Session\\Store), Object(Closure))
#19 C:\\laragon\\www\\mboabuy\\vendor\\laravel\\framework\\src\\Illuminate\\Pipeline\\Pipeline.php(183): Illuminate\\Session\\Middleware\\StartSession->handle(Object(Illuminate\\Http\\Request), Object(Closure))
#20 C:\\laragon\\www\\mboabuy\\vendor\\laravel\\framework\\src\\Illuminate\\Http\\Middleware\\TrustProxies.php(39): Illuminate\\Pipeline\\Pipeline->Illuminate\\Pipeline\\{closure}(Object(Illuminate\\Http\\Request))
#21 C:\\laragon\\www\\mboabuy\\vendor\\laravel\\framework\\src\\Illuminate\\Pipeline\\Pipeline.php(183): Illuminate\\Http\\Middleware\\TrustProxies->handle(Object(Illuminate\\Http\\Request), Object(Closure))
#22 C:\\laragon\\www\\mboabuy\\vendor\\laravel\\framework\\src\\Illuminate\\Foundation\\Http\\Middleware\\TransformsRequest.php(21): Illuminate\\Pipeline\\Pipeline->Illuminate\\Pipeline\\{closure}(Object(Illuminate\\Http\\Request))
#23 C:\\laragon\\www\\mboabuy\\vendor\\laravel\\framework\\src\\Illuminate\\Foundation\\Http\\Middleware\\ConvertEmptyStringsToNull.php(31): Illuminate\\Foundation\\Http\\Middleware\\TransformsRequest->handle(Object(Illuminate\\Http\\Request), Object(Closure))
#24 C:\\laragon\\www\\mboabuy\\vendor\\laravel\\framework\\src\\Illuminate\\Pipeline\\Pipeline.php(183): Illuminate\\Foundation\\Http\\Middleware\\ConvertEmptyStringsToNull->handle(Object(Illuminate\\Http\\Request), Object(Closure))
#25 C:\\laragon\\www\\mboabuy\\vendor\\laravel\\framework\\src\\Illuminate\\Foundation\\Http\\Middleware\\TransformsRequest.php(21): Illuminate\\Pipeline\\Pipeline->Illuminate\\Pipeline\\{closure}(Object(Illuminate\\Http\\Request))
#26 C:\\laragon\\www\\mboabuy\\vendor\\laravel\\framework\\src\\Illuminate\\Foundation\\Http\\Middleware\\TrimStrings.php(40): Illuminate\\Foundation\\Http\\Middleware\\TransformsRequest->handle(Object(Illuminate\\Http\\Request), Object(Closure))
#27 C:\\laragon\\www\\mboabuy\\vendor\\laravel\\framework\\src\\Illuminate\\Pipeline\\Pipeline.php(183): Illuminate\\Foundation\\Http\\Middleware\\TrimStrings->handle(Object(Illuminate\\Http\\Request), Object(Closure))
#28 C:\\laragon\\www\\mboabuy\\vendor\\laravel\\framework\\src\\Illuminate\\Foundation\\Http\\Middleware\\ValidatePostSize.php(27): Illuminate\\Pipeline\\Pipeline->Illuminate\\Pipeline\\{closure}(Object(Illuminate\\Http\\Request))
#29 C:\\laragon\\www\\mboabuy\\vendor\\laravel\\framework\\src\\Illuminate\\Pipeline\\Pipeline.php(183): Illuminate\\Foundation\\Http\\Middleware\\ValidatePostSize->handle(Object(Illuminate\\Http\\Request), Object(Closure))
#30 C:\\laragon\\www\\mboabuy\\vendor\\laravel\\framework\\src\\Illuminate\\Pipeline\\Pipeline.php(119): Illuminate\\Pipeline\\Pipeline->Illuminate\\Pipeline\\{closure}(Object(Illuminate\\Http\\Request))
#31 C:\\laragon\\www\\mboabuy\\vendor\\laravel\\framework\\src\\Illuminate\\Foundation\\Http\\Kernel.php(175): Illuminate\\Pipeline\\Pipeline->then(Object(Closure))
#32 C:\\laragon\\www\\mboabuy\\vendor\\laravel\\framework\\src\\Illuminate\\Foundation\\Http\\Kernel.php(144): Illuminate\\Foundation\\Http\\Kernel->sendRequestThroughRouter(Object(Illuminate\\Http\\Request))
#33 C:\\laragon\\www\\mboabuy\\index.php(56): Illuminate\\Foundation\\Http\\Kernel->handle(Object(Illuminate\\Http\\Request))
#34 {main}
"} 
